-- phpMyAdmin SQL Dump
-- version 4.5.1
-- http://www.phpmyadmin.net
--
-- Host: 127.0.0.1
-- Generation Time: Jun 14, 2023 at 07:49 AM
-- Server version: 10.1.16-MariaDB
-- PHP Version: 7.0.9

SET SQL_MODE = "NO_AUTO_VALUE_ON_ZERO";
SET time_zone = "+00:00";


/*!40101 SET @OLD_CHARACTER_SET_CLIENT=@@CHARACTER_SET_CLIENT */;
/*!40101 SET @OLD_CHARACTER_SET_RESULTS=@@CHARACTER_SET_RESULTS */;
/*!40101 SET @OLD_COLLATION_CONNECTION=@@COLLATION_CONNECTION */;
/*!40101 SET NAMES utf8mb4 */;

--
-- Database: `skripsim_db_hepatitis`
--

-- --------------------------------------------------------

--
-- Table structure for table `tbdetail_diagnosa`
--

CREATE TABLE `tbdetail_diagnosa` (
  `id_detail` int(10) NOT NULL,
  `id_diagnosa` varchar(10) NOT NULL,
  `id_gejala` int(10) NOT NULL
) ENGINE=InnoDB DEFAULT CHARSET=latin1;

--
-- Dumping data for table `tbdetail_diagnosa`
--

INSERT INTO `tbdetail_diagnosa` (`id_detail`, `id_diagnosa`, `id_gejala`) VALUES
(1, 'D2212001', 1),
(2, 'D2212001', 2),
(3, 'D2212001', 3),
(4, 'D2212001', 4),
(5, 'D2212002', 1),
(6, 'D2212002', 2),
(7, 'D2212002', 3),
(8, 'D2212002', 4),
(9, 'D2212003', 1),
(10, 'D2212003', 2),
(11, 'D2212003', 3),
(12, 'D2212004', 1),
(13, 'D2212004', 2),
(14, 'D2212004', 3),
(15, 'D2212006', 1),
(16, 'D2212006', 2),
(17, 'D2212006', 3),
(18, 'D2212007', 1),
(19, 'D2212007', 2),
(20, 'D2212007', 3),
(21, 'D2212008', 1),
(22, 'D2212008', 7),
(23, 'D2212008', 15),
(24, 'D2212009', 1),
(25, 'D2212009', 2),
(26, 'D2212009', 3),
(27, 'D2212009', 4),
(28, 'D2212009', 8),
(29, 'D2212009', 9),
(30, 'D2212009', 19),
(31, 'D2212010', 5),
(32, 'D2212010', 6),
(33, 'D2212010', 7),
(34, 'D2212010', 8),
(35, 'D2212011', 1),
(36, 'D2212011', 2),
(37, 'D2212011', 3),
(38, 'D2212011', 4),
(39, 'D2212012', 5),
(40, 'D2212012', 6),
(41, 'D2212012', 7),
(42, 'D2212012', 8),
(43, 'D2212013', 5),
(44, 'D2212013', 6),
(45, 'D2212013', 7),
(46, 'D2212013', 8),
(47, 'D2212014', 5),
(48, 'D2212014', 6),
(49, 'D2212014', 7),
(50, 'D2212014', 8),
(51, 'D2212015', 5),
(52, 'D2212015', 6),
(53, 'D2212015', 7),
(54, 'D2212015', 8),
(55, 'D2212016', 5),
(56, 'D2212016', 6),
(57, 'D2212016', 7),
(58, 'D2212016', 8),
(59, 'D2212017', 5),
(60, 'D2212017', 6),
(61, 'D2212017', 7),
(62, 'D2212017', 8),
(63, 'D2212018', 1),
(64, 'D2212018', 2),
(65, 'D2212018', 3),
(66, 'D2212018', 4),
(67, 'D2212018', 5),
(68, 'D2212018', 6),
(69, 'D2212018', 7),
(70, 'D2212019', 1),
(71, 'D2212019', 2),
(72, 'D2212019', 3),
(73, 'D2212020', 11),
(74, 'D2212020', 12),
(75, 'D2212020', 13),
(76, 'D2212020', 17),
(77, 'D2212021', 1),
(78, 'D2212021', 2),
(79, 'D2212021', 3),
(80, 'D2212022', 1),
(81, 'D2212023', 1),
(82, 'D2212023', 2),
(83, 'D2212023', 3),
(84, 'D2212024', 1),
(85, 'D2212024', 2),
(86, 'D2212025', 1),
(87, 'D2212025', 2),
(88, 'D2212025', 3),
(89, 'D2212026', 1),
(90, 'D2212026', 2),
(91, 'D2212026', 3),
(92, 'D2212026', 5),
(93, 'D2212026', 8),
(94, 'D2212026', 10),
(95, 'D2212027', 1),
(96, 'D2212027', 2),
(97, 'D2212027', 3),
(98, 'D2212028', 1),
(99, 'D2212028', 2),
(100, 'D2212028', 3),
(101, 'D2212029', 1),
(102, 'D2212029', 2),
(103, 'D2212029', 6),
(104, 'D2212029', 8),
(105, 'D2212029', 9),
(106, 'D2302001', 6),
(107, 'D2304001', 1),
(108, 'D2304001', 2),
(109, 'D2304002', 4),
(110, 'D2304002', 5),
(111, 'D2304003', 2),
(112, 'D2304003', 3),
(113, 'D2304004', 16),
(114, 'D2304004', 19),
(115, 'D2304005', 7),
(116, 'D2304006', 1),
(117, 'D2304007', 1),
(118, 'D2304011', 1),
(119, 'D2304012', 1),
(120, 'D2304012', 2),
(121, 'D2304012', 21),
(122, 'D2304013', 4),
(123, 'D2304013', 20),
(124, 'D2304013', 21),
(125, 'D2304014', 2),
(126, 'D2304014', 3),
(127, 'D2304015', 1),
(128, 'D2304015', 2),
(129, 'D2304016', 2),
(130, 'D2304016', 3),
(131, 'D2304016', 8),
(132, 'D2304017', 8),
(133, 'D2304018', 13),
(134, 'D2304018', 14),
(135, 'D2304019', 1),
(136, 'D2304019', 2),
(137, 'D2304020', 1),
(138, 'D2304020', 2),
(139, 'D2304021', 1),
(140, 'D2304021', 2),
(141, 'D2304022', 1),
(142, 'D2304022', 2),
(143, 'D2304023', 2),
(144, 'D2304024', 4),
(145, 'D2304025', 4),
(146, 'D2304026', 1),
(147, 'D2304026', 2),
(148, 'D2304026', 3),
(149, 'D2304026', 4),
(150, 'D2304027', 1),
(151, 'D2304027', 2),
(152, 'D2304027', 3),
(153, 'D2304027', 4),
(154, 'D2304027', 5),
(155, 'D2304027', 6),
(156, 'D2304027', 7),
(157, 'D2304027', 8),
(158, 'D2304027', 9),
(159, 'D2304027', 10),
(160, 'D2304027', 11),
(161, 'D2304027', 12),
(162, 'D2304027', 13),
(163, 'D2304027', 14),
(164, 'D2304027', 15),
(165, 'D2304027', 16),
(166, 'D2304027', 17),
(167, 'D2304027', 18),
(168, 'D2304027', 19),
(169, 'D2304027', 20),
(170, 'D2304027', 21),
(171, 'D2304029', 21),
(172, 'D2304030', 1),
(173, 'D2304030', 2),
(174, 'D2304030', 3),
(175, 'D2304030', 4),
(176, 'D2304030', 5),
(177, 'D2304030', 6),
(178, 'D2304030', 7),
(179, 'D2304030', 8),
(180, 'D2304030', 9),
(181, 'D2304030', 10),
(182, 'D2304030', 11),
(183, 'D2304030', 12),
(184, 'D2304030', 13),
(185, 'D2304030', 14),
(186, 'D2304030', 15),
(187, 'D2304030', 16),
(188, 'D2304030', 17),
(189, 'D2304030', 18),
(190, 'D2304030', 19),
(191, 'D2304030', 20),
(192, 'D2304030', 21),
(193, 'D2304031', 1),
(194, 'D2304031', 2),
(195, 'D2304031', 3),
(196, 'D2304031', 4),
(197, 'D2304031', 5),
(198, 'D2304031', 6),
(199, 'D2304031', 7),
(200, 'D2304031', 8),
(201, 'D2304031', 9),
(202, 'D2304031', 10),
(203, 'D2304032', 2),
(204, 'D2304032', 3),
(205, 'D2304032', 4),
(206, 'D2304032', 5),
(207, 'D2304033', 2),
(208, 'D2304033', 3),
(209, 'D2304034', 2),
(210, 'D2304034', 3),
(211, 'D2304035', 1),
(212, 'D2304035', 2),
(213, 'D2304035', 3),
(214, 'D2304035', 4),
(215, 'D2304035', 5),
(216, 'D2304035', 6),
(217, 'D2304035', 7),
(218, 'D2304035', 8),
(219, 'D2304035', 9),
(220, 'D2304035', 10),
(221, 'D2304035', 11),
(222, 'D2304035', 12),
(223, 'D2304035', 13),
(224, 'D2304035', 14),
(225, 'D2304035', 15),
(226, 'D2304035', 16),
(227, 'D2304035', 17),
(228, 'D2304035', 18),
(229, 'D2304035', 19),
(230, 'D2304035', 20),
(231, 'D2304036', 15),
(232, 'D2304036', 16),
(233, 'D2304038', 14),
(234, 'D2304038', 17),
(235, 'D2304038', 18),
(236, 'D2304039', 1),
(237, 'D2304039', 2),
(238, 'D2304039', 3),
(239, 'D2304039', 8),
(240, 'D2304039', 10),
(241, 'D2304040', 1),
(242, 'D2304040', 2),
(243, 'D2304040', 3),
(244, 'D2304040', 10),
(245, 'D2304040', 11),
(246, 'D2304040', 15),
(247, 'D2304041', 3),
(248, 'D2304041', 4),
(249, 'D2304042', 8),
(250, 'D2304042', 15),
(251, 'D2304043', 8),
(252, 'D2304043', 10),
(253, 'D2304050', 15),
(254, 'D2304051', 4),
(255, 'D2304052', 1),
(256, 'D2304052', 2),
(257, 'D2304052', 3),
(258, 'D2304052', 4),
(259, 'D2304052', 5),
(260, 'D2304052', 6),
(261, 'D2304052', 7),
(262, 'D2304052', 8),
(263, 'D2304052', 9),
(264, 'D2304052', 10),
(265, 'D2304052', 11),
(266, 'D2304052', 12),
(267, 'D2304052', 13),
(268, 'D2304052', 14),
(269, 'D2304052', 15),
(270, 'D2304052', 16),
(271, 'D2304052', 17),
(272, 'D2304052', 18),
(273, 'D2304052', 19),
(274, 'D2304052', 20),
(275, 'D2304053', 1),
(276, 'D2304053', 2),
(277, 'D2304053', 3),
(278, 'D2304053', 4),
(279, 'D2304053', 5),
(280, 'D2304053', 6),
(281, 'D2304053', 7),
(282, 'D2304053', 8),
(283, 'D2304053', 9),
(284, 'D2304053', 10),
(285, 'D2304053', 11),
(286, 'D2304053', 12),
(287, 'D2304053', 13),
(288, 'D2304053', 14),
(289, 'D2304053', 15),
(290, 'D2304053', 16),
(291, 'D2304053', 17),
(292, 'D2304053', 18),
(293, 'D2304053', 19),
(294, 'D2304053', 20),
(295, 'D2304056', 4),
(296, 'D2304057', 1),
(297, 'D2304057', 2),
(298, 'D2304057', 3),
(299, 'D2304057', 4),
(300, 'D2304057', 5),
(301, 'D2304057', 6),
(302, 'D2304057', 7),
(303, 'D2304057', 8),
(304, 'D2304057', 9),
(305, 'D2304057', 10),
(306, 'D2304057', 11),
(307, 'D2304057', 12),
(308, 'D2304057', 13),
(309, 'D2304057', 14),
(310, 'D2304057', 15),
(311, 'D2304057', 16),
(312, 'D2304057', 17),
(313, 'D2304057', 18),
(314, 'D2304057', 19),
(315, 'D2304057', 20),
(316, 'D2304057', 21),
(317, 'D2304058', 1),
(318, 'D2304058', 2),
(319, 'D2304058', 3),
(320, 'D2304058', 4),
(321, 'D2304058', 5),
(322, 'D2304058', 6),
(323, 'D2304058', 7),
(324, 'D2304058', 8),
(325, 'D2304058', 9),
(326, 'D2304058', 10),
(327, 'D2304058', 11),
(328, 'D2304058', 12),
(329, 'D2304058', 13),
(330, 'D2304058', 14),
(331, 'D2304058', 15),
(332, 'D2304058', 16),
(333, 'D2304058', 17),
(334, 'D2304058', 18),
(335, 'D2304058', 19),
(336, 'D2304058', 20),
(337, 'D2304059', 1),
(338, 'D2304059', 2),
(339, 'D2304059', 3),
(340, 'D2304059', 4),
(341, 'D2304059', 5),
(342, 'D2304059', 6),
(343, 'D2304059', 7),
(344, 'D2304059', 8),
(345, 'D2304059', 9),
(346, 'D2304059', 10),
(347, 'D2304059', 11),
(348, 'D2304059', 12),
(349, 'D2304059', 13),
(350, 'D2304059', 14),
(351, 'D2304059', 15),
(352, 'D2304059', 16),
(353, 'D2304059', 17),
(354, 'D2304059', 18),
(355, 'D2304059', 19),
(356, 'D2304059', 20),
(357, 'D2304060', 1),
(358, 'D2304060', 2),
(359, 'D2304060', 3),
(360, 'D2304061', 1),
(361, 'D2304061', 2),
(362, 'D2304061', 3),
(363, 'D2304061', 4),
(364, 'D2304061', 5),
(365, 'D2304061', 6),
(366, 'D2304061', 7),
(367, 'D2304061', 8),
(368, 'D2304061', 9),
(369, 'D2304061', 10),
(370, 'D2304061', 11),
(371, 'D2304061', 12),
(372, 'D2304061', 13),
(373, 'D2304061', 14),
(374, 'D2304061', 15),
(375, 'D2304061', 16),
(376, 'D2304061', 17),
(377, 'D2304061', 18),
(378, 'D2304061', 19),
(379, 'D2304061', 20),
(380, 'D2304062', 1),
(381, 'D2304062', 2),
(382, 'D2304062', 3),
(383, 'D2304062', 4),
(384, 'D2304062', 5),
(385, 'D2304062', 6),
(386, 'D2304062', 7),
(387, 'D2304062', 8),
(388, 'D2304062', 9),
(389, 'D2304062', 10),
(390, 'D2304062', 11),
(391, 'D2304062', 12),
(392, 'D2304062', 13),
(393, 'D2304062', 14),
(394, 'D2304062', 15),
(395, 'D2304062', 16),
(396, 'D2304062', 17),
(397, 'D2304062', 18),
(398, 'D2304062', 19),
(399, 'D2304062', 20),
(400, 'D2304064', 3),
(401, 'D2304065', 1),
(402, 'D2304065', 2),
(403, 'D2304065', 3),
(404, 'D2304065', 4),
(405, 'D2304065', 5),
(406, 'D2304065', 6),
(407, 'D2304065', 7),
(408, 'D2304065', 8),
(409, 'D2304065', 9),
(410, 'D2304065', 10),
(411, 'D2304065', 11),
(412, 'D2304065', 12),
(413, 'D2304065', 13),
(414, 'D2304065', 14),
(415, 'D2304065', 15),
(416, 'D2304065', 16),
(417, 'D2304065', 17),
(418, 'D2304065', 18),
(419, 'D2304065', 19),
(420, 'D2304065', 20),
(421, 'D2304066', 1),
(422, 'D2304066', 2),
(423, 'D2304066', 3),
(424, 'D2304066', 4),
(425, 'D2304066', 5),
(426, 'D2304066', 6),
(427, 'D2304066', 7),
(428, 'D2304066', 8),
(429, 'D2304066', 9),
(430, 'D2304066', 10),
(431, 'D2304066', 11),
(432, 'D2304066', 12),
(433, 'D2304066', 13),
(434, 'D2304066', 14),
(435, 'D2304066', 15),
(436, 'D2304066', 16),
(437, 'D2304066', 17),
(438, 'D2304066', 18),
(439, 'D2304066', 19),
(440, 'D2304066', 20),
(441, 'D2304067', 2),
(442, 'D2304068', 1),
(443, 'D2304068', 2),
(444, 'D2304068', 3),
(445, 'D2304068', 4),
(446, 'D2304068', 5),
(447, 'D2304068', 6),
(448, 'D2304068', 7),
(449, 'D2304068', 8),
(450, 'D2304068', 9),
(451, 'D2304068', 10),
(452, 'D2304068', 11),
(453, 'D2304068', 12),
(454, 'D2304068', 13),
(455, 'D2304068', 14),
(456, 'D2304068', 15),
(457, 'D2304068', 16),
(458, 'D2304068', 17),
(459, 'D2304068', 18),
(460, 'D2304068', 19),
(461, 'D2304068', 20),
(462, 'D2304069', 1),
(463, 'D2304069', 2),
(464, 'D2304069', 3),
(465, 'D2304069', 4),
(466, 'D2304069', 5),
(467, 'D2304069', 6),
(468, 'D2304069', 7),
(469, 'D2304069', 8),
(470, 'D2304069', 9),
(471, 'D2304069', 10),
(472, 'D2304069', 11),
(473, 'D2304069', 12),
(474, 'D2304069', 13),
(475, 'D2304069', 14),
(476, 'D2304069', 15),
(477, 'D2304069', 16),
(478, 'D2304069', 17),
(479, 'D2304069', 18),
(480, 'D2304069', 19),
(481, 'D2304069', 20),
(482, 'D2304070', 4),
(483, 'D2304071', 1),
(484, 'D2304071', 2),
(485, 'D2304071', 3),
(486, 'D2304071', 4),
(487, 'D2304071', 5),
(488, 'D2304071', 6),
(489, 'D2304071', 7),
(490, 'D2304071', 8),
(491, 'D2304071', 9),
(492, 'D2304071', 10),
(493, 'D2304071', 11),
(494, 'D2304071', 12),
(495, 'D2304071', 13),
(496, 'D2304071', 14),
(497, 'D2304071', 15),
(498, 'D2304071', 16),
(499, 'D2304071', 17),
(500, 'D2304071', 18),
(501, 'D2304071', 19),
(502, 'D2304071', 20),
(503, 'D2304072', 1),
(504, 'D2304072', 2),
(505, 'D2304072', 3),
(506, 'D2304072', 4),
(507, 'D2304072', 5),
(508, 'D2304073', 1),
(509, 'D2304073', 2),
(510, 'D2304073', 3),
(511, 'D2304073', 4),
(512, 'D2304073', 5),
(513, 'D2304073', 6),
(514, 'D2304073', 7),
(515, 'D2304073', 8),
(516, 'D2304073', 9),
(517, 'D2304073', 10),
(518, 'D2304073', 11),
(519, 'D2304073', 12),
(520, 'D2304073', 13),
(521, 'D2304073', 14),
(522, 'D2304073', 15),
(523, 'D2304073', 16),
(524, 'D2304073', 17),
(525, 'D2304073', 18),
(526, 'D2304073', 19),
(527, 'D2304073', 20),
(528, 'D2304074', 1),
(529, 'D2304074', 2),
(530, 'D2304074', 3),
(531, 'D2304074', 4),
(532, 'D2304074', 5),
(533, 'D2304074', 6),
(534, 'D2304074', 7),
(535, 'D2304074', 8),
(536, 'D2304074', 9),
(537, 'D2304074', 10),
(538, 'D2304074', 11),
(539, 'D2304074', 12),
(540, 'D2304074', 13),
(541, 'D2304074', 14),
(542, 'D2304074', 15),
(543, 'D2304074', 16),
(544, 'D2304074', 17),
(545, 'D2304074', 18),
(546, 'D2304074', 19),
(547, 'D2304074', 20),
(548, 'D2304075', 1),
(549, 'D2304075', 2),
(550, 'D2304075', 3),
(551, 'D2304075', 4),
(552, 'D2304075', 5),
(553, 'D2304075', 6),
(554, 'D2304075', 7),
(555, 'D2304075', 8),
(556, 'D2304075', 9),
(557, 'D2304075', 10),
(558, 'D2304075', 11),
(559, 'D2304075', 12),
(560, 'D2304075', 13),
(561, 'D2304075', 14),
(562, 'D2304075', 15),
(563, 'D2304075', 16),
(564, 'D2304075', 17),
(565, 'D2304075', 18),
(566, 'D2304075', 19),
(567, 'D2304075', 20),
(568, 'D2304076', 8),
(569, 'D2304076', 10),
(570, 'D2304077', 3),
(571, 'D2304078', 3),
(572, 'D2304078', 4),
(573, 'D2304078', 5),
(574, 'D2304079', 3),
(575, 'D2304080', 4),
(576, 'D2304080', 5),
(577, 'D2304080', 8),
(578, 'D2304080', 10),
(579, 'D2304081', 4),
(580, 'D2304081', 5),
(581, 'D2304082', 1),
(582, 'D2304082', 2),
(583, 'D2304082', 3),
(584, 'D2304083', 1),
(585, 'D2304083', 2),
(586, 'D2304085', 20),
(587, 'D2304086', 8),
(588, 'D2304087', 8),
(589, 'D2304087', 10),
(590, 'D2304088', 1),
(591, 'D2304088', 2),
(592, 'D2304088', 3),
(593, 'D2304088', 4),
(594, 'D2304088', 5),
(595, 'D2304088', 6),
(596, 'D2304088', 7),
(597, 'D2304088', 8),
(598, 'D2304088', 9),
(599, 'D2304088', 10),
(600, 'D2304088', 11),
(601, 'D2304088', 12),
(602, 'D2304088', 13),
(603, 'D2304088', 14),
(604, 'D2304088', 15),
(605, 'D2304088', 16),
(606, 'D2304088', 17),
(607, 'D2304088', 18),
(608, 'D2304088', 19),
(609, 'D2304088', 20),
(610, 'D2304089', 8),
(611, 'D2304090', 8),
(612, 'D2304090', 10),
(613, 'D2304091', 4),
(614, 'D2304091', 5),
(615, 'D2304092', 1),
(616, 'D2304092', 2),
(617, 'D2304092', 3),
(618, 'D2304092', 4),
(619, 'D2304092', 5),
(620, 'D2304092', 6),
(621, 'D2304092', 7),
(622, 'D2304092', 8),
(623, 'D2304092', 9),
(624, 'D2304092', 10),
(625, 'D2304092', 11),
(626, 'D2304092', 12),
(627, 'D2304092', 13),
(628, 'D2304092', 14),
(629, 'D2304092', 15),
(630, 'D2304092', 16),
(631, 'D2304092', 17),
(632, 'D2304092', 18),
(633, 'D2304092', 19),
(634, 'D2304092', 20),
(635, 'D2304092', 21),
(636, 'D2304093', 1),
(637, 'D2304093', 2),
(638, 'D2304093', 3),
(639, 'D2304093', 4),
(640, 'D2304093', 5),
(641, 'D2304093', 6),
(642, 'D2304093', 7),
(643, 'D2304093', 8),
(644, 'D2304093', 9),
(645, 'D2304093', 10),
(646, 'D2304093', 11),
(647, 'D2304093', 12),
(648, 'D2304093', 13),
(649, 'D2304093', 14),
(650, 'D2304093', 15),
(651, 'D2304093', 16),
(652, 'D2304093', 17),
(653, 'D2304093', 18),
(654, 'D2304093', 19),
(655, 'D2304093', 20),
(656, 'D2304094', 1),
(657, 'D2304094', 2),
(658, 'D2304095', 1),
(659, 'D2304095', 2),
(660, 'D2304095', 4),
(661, 'D2304096', 11),
(662, 'D2304096', 12),
(663, 'D2304096', 13),
(664, 'D2304096', 16),
(665, 'D2304097', 5),
(666, 'D2304097', 6),
(667, 'D2304097', 7),
(668, 'D2304097', 8),
(669, 'D2304098', 5),
(670, 'D2304098', 8),
(671, 'D2304098', 9),
(672, 'D2304098', 10),
(673, 'D2304099', 1),
(674, 'D2304099', 2),
(675, 'D2304099', 3),
(676, 'D2304099', 8),
(677, 'D2304099', 15),
(678, 'D2304100', 3),
(679, 'D2304100', 6),
(680, 'D2304100', 8),
(681, 'D2304100', 10),
(682, 'D2304100', 14),
(683, 'D2304100', 15),
(684, 'D2304101', 8),
(685, 'D2304101', 10),
(686, 'D2304101', 13),
(687, 'D2304102', 1),
(688, 'D2304102', 6),
(689, 'D2304102', 8),
(690, 'D2304102', 15),
(691, 'D2304102', 18),
(692, 'D2304102', 20),
(693, 'D2304103', 1),
(694, 'D2304103', 2),
(695, 'D2304103', 3),
(696, 'D2304103', 4),
(697, 'D2304103', 5),
(698, 'D2304103', 6),
(699, 'D2304104', 1),
(700, 'D2304104', 6),
(701, 'D2304104', 8),
(702, 'D2304104', 15),
(703, 'D2304104', 18),
(704, 'D2304104', 20),
(705, 'D2304105', 1),
(706, 'D2304105', 6),
(707, 'D2304105', 8),
(708, 'D2304105', 15),
(709, 'D2304105', 18),
(710, 'D2304105', 20),
(711, 'D2304106', 1),
(712, 'D2304106', 2),
(713, 'D2304106', 3),
(714, 'D2304106', 7),
(715, 'D2304107', 1),
(716, 'D2304107', 2),
(717, 'D2304107', 3),
(718, 'D2304107', 4),
(719, 'D2304107', 5),
(720, 'D2304107', 6),
(721, 'D2304107', 7),
(722, 'D2304107', 8),
(723, 'D2304107', 9),
(724, 'D2304107', 10),
(725, 'D2304107', 11),
(726, 'D2304107', 12),
(727, 'D2304107', 13),
(728, 'D2304107', 14),
(729, 'D2304107', 15),
(730, 'D2304107', 16),
(731, 'D2304107', 17),
(732, 'D2304107', 18),
(733, 'D2304107', 19),
(734, 'D2304107', 20),
(735, 'D2304108', 4),
(736, 'D2304108', 5),
(737, 'D2304108', 6),
(738, 'D2304108', 16),
(739, 'D2304109', 1),
(740, 'D2304109', 2),
(741, 'D2304110', 5),
(742, 'D2304110', 6),
(743, 'D2304110', 8),
(744, 'D2304110', 15),
(745, 'D2304111', 1),
(746, 'D2304112', 2),
(747, 'D2304112', 3),
(748, 'D2304112', 4),
(749, 'D2304112', 5),
(750, 'D2304113', 1),
(751, 'D2304113', 2),
(752, 'D2304113', 3),
(753, 'D2304113', 4),
(754, 'D2304113', 5),
(755, 'D2304113', 6),
(756, 'D2304113', 7),
(757, 'D2304113', 8),
(758, 'D2304113', 9),
(759, 'D2304113', 10),
(760, 'D2304113', 11),
(761, 'D2304113', 12),
(762, 'D2304113', 13),
(763, 'D2304113', 14),
(764, 'D2304113', 15),
(765, 'D2304113', 16),
(766, 'D2304113', 17),
(767, 'D2304113', 18),
(768, 'D2304113', 19),
(769, 'D2304113', 20),
(770, 'D2304114', 2),
(771, 'D2304115', 8),
(772, 'D2304115', 10),
(773, 'D2304115', 15),
(774, 'D2304116', 1),
(775, 'D2304116', 6),
(776, 'D2304116', 15),
(777, 'D2304116', 18),
(778, 'D2304116', 20),
(779, 'D2304117', 1),
(780, 'D2304118', 1),
(781, 'D2304119', 1),
(782, 'D2304119', 2),
(783, 'D2304119', 3),
(784, 'D2304119', 4),
(785, 'D2304119', 5),
(786, 'D2304120', 1),
(787, 'D2304120', 2),
(788, 'D2304120', 3),
(789, 'D2304120', 4),
(790, 'D2304120', 5),
(791, 'D2304120', 6),
(792, 'D2304120', 7),
(793, 'D2304120', 8),
(794, 'D2304120', 9),
(795, 'D2304120', 10),
(796, 'D2304121', 1),
(797, 'D2304122', 1),
(798, 'D2304122', 2),
(799, 'D2304122', 3),
(800, 'D2304122', 4),
(801, 'D2304122', 5),
(802, 'D2304122', 6),
(803, 'D2304122', 7),
(804, 'D2304122', 8),
(805, 'D2304122', 9),
(806, 'D2304122', 10),
(807, 'D2304122', 11),
(808, 'D2304122', 12),
(809, 'D2304122', 13),
(810, 'D2304122', 14),
(811, 'D2304122', 15),
(812, 'D2304122', 16),
(813, 'D2304122', 17),
(814, 'D2304122', 18),
(815, 'D2304122', 19),
(816, 'D2304122', 20),
(817, 'D2304122', 21),
(818, 'D2304123', 8),
(819, 'D2304123', 9),
(820, 'D2304123', 10),
(821, 'D2304123', 15),
(822, 'D2304123', 18),
(823, 'D2304123', 20),
(824, 'D2304124', 1),
(825, 'D2304124', 2),
(826, 'D2304124', 3),
(827, 'D2304124', 4),
(828, 'D2304124', 5),
(829, 'D2304124', 6),
(830, 'D2304124', 7),
(831, 'D2304124', 8),
(832, 'D2304124', 9),
(833, 'D2304124', 10),
(834, 'D2304124', 11),
(835, 'D2304124', 12),
(836, 'D2304124', 13),
(837, 'D2304124', 14),
(838, 'D2304124', 15),
(839, 'D2304124', 16),
(840, 'D2304124', 17),
(841, 'D2304124', 18),
(842, 'D2304124', 19),
(843, 'D2304124', 20),
(844, 'D2304124', 21),
(845, 'D2304124', 22),
(846, 'D2304124', 23),
(847, 'D2304124', 24),
(848, 'D2304124', 25),
(849, 'D2304124', 26),
(850, 'D2304124', 27),
(851, 'D2304124', 28),
(852, 'D2304125', 1),
(853, 'D2304125', 2),
(854, 'D2304125', 3),
(855, 'D2304125', 4),
(856, 'D2304125', 5),
(857, 'D2304125', 6),
(858, 'D2304125', 7),
(859, 'D2304125', 8),
(860, 'D2304125', 9),
(861, 'D2304125', 10),
(862, 'D2304125', 11),
(863, 'D2304125', 12),
(864, 'D2304125', 13),
(865, 'D2304125', 14),
(866, 'D2304125', 15),
(867, 'D2304125', 16),
(868, 'D2304125', 17),
(869, 'D2304125', 18),
(870, 'D2304125', 19),
(871, 'D2304125', 20),
(872, 'D2304125', 21),
(873, 'D2304125', 22),
(874, 'D2304125', 23),
(875, 'D2304125', 24),
(876, 'D2304125', 25),
(877, 'D2304125', 26),
(878, 'D2304125', 27),
(879, 'D2304125', 28),
(880, 'D2304127', 1),
(881, 'D2304127', 2),
(882, 'D2304127', 3),
(883, 'D2304127', 4),
(884, 'D2304127', 5),
(885, 'D2304127', 6),
(886, 'D2304127', 7),
(887, 'D2304127', 8),
(888, 'D2304127', 9),
(889, 'D2304127', 10),
(890, 'D2304127', 11),
(891, 'D2304127', 12),
(892, 'D2304127', 13),
(893, 'D2304127', 14),
(894, 'D2304127', 15),
(895, 'D2304127', 16),
(896, 'D2304127', 17),
(897, 'D2304127', 18),
(898, 'D2304127', 19),
(899, 'D2304127', 20),
(900, 'D2304127', 21),
(901, 'D2304127', 22),
(902, 'D2304127', 23),
(903, 'D2304127', 24),
(904, 'D2304127', 25),
(905, 'D2304127', 26),
(906, 'D2304127', 27),
(907, 'D2304127', 28),
(908, 'D2304128', 2),
(909, 'D2304128', 3),
(910, 'D2304128', 4),
(911, 'D2304128', 6),
(912, 'D2304128', 13),
(913, 'D2304128', 14),
(914, 'D2304129', 6),
(915, 'D2304129', 7),
(916, 'D2304129', 15),
(917, 'D2304129', 16),
(918, 'D2304129', 17),
(919, 'D2304129', 22),
(920, 'D2304129', 23),
(921, 'D2304129', 27),
(922, 'D2304130', 1),
(923, 'D2304130', 2),
(924, 'D2304130', 3),
(925, 'D2304130', 8),
(926, 'D2304130', 10),
(927, 'D2304131', 1),
(928, 'D2304132', 5),
(929, 'D2304133', 5),
(930, 'D2304134', 5),
(931, 'D2304134', 13),
(932, 'D2304135', 13),
(933, 'D2304136', 5),
(934, 'D2304136', 13),
(935, 'D2304137', 5),
(936, 'D2304137', 13),
(937, 'D2304138', 4),
(938, 'D2304138', 11),
(939, 'D2304138', 28),
(940, 'D2304144', 22),
(941, 'D2304145', 2),
(942, 'D2304146', 5),
(943, 'D2304146', 7),
(944, 'D2304146', 11),
(945, 'D2304146', 16),
(946, 'D2304146', 17),
(947, 'D2304147', 1),
(948, 'D2304147', 2),
(949, 'D2304147', 6),
(950, 'D2304147', 8),
(951, 'D2304147', 10),
(952, 'D2304147', 15),
(953, 'D2304148', 5),
(954, 'D2304148', 8),
(955, 'D2304149', 5),
(956, 'D2304149', 6),
(957, 'D2304150', 10),
(958, 'D2304150', 13),
(959, 'D2304151', 8),
(960, 'D2304151', 10),
(961, 'D2304151', 15),
(962, 'D2304151', 25),
(963, 'D2304152', 8),
(964, 'D2304152', 10),
(965, 'D2304152', 15),
(966, 'D2304152', 19),
(967, 'D2304152', 20),
(968, 'D2304152', 21),
(969, 'D2304152', 25),
(970, 'D2304153', 2),
(971, 'D2304153', 3),
(972, 'D2304153', 10),
(973, 'D2304153', 11),
(974, 'D2304154', 2),
(975, 'D2304154', 3),
(976, 'D2304154', 19),
(977, 'D2304154', 20),
(978, 'D2304154', 21),
(979, 'D2304155', 1),
(980, 'D2304155', 2),
(981, 'D2304155', 3),
(982, 'D2304155', 8),
(983, 'D2304155', 10),
(984, 'D2304156', 9),
(985, 'D2304156', 11),
(986, 'D2304156', 12),
(987, 'D2304156', 13),
(988, 'D2304157', 9),
(989, 'D2304157', 11),
(990, 'D2304157', 12),
(991, 'D2304157', 13),
(992, 'D2304157', 22),
(993, 'D2304158', 9),
(994, 'D2304158', 11),
(995, 'D2304158', 12),
(996, 'D2304158', 13),
(997, 'D2304158', 22),
(998, 'D2304159', 2),
(999, 'D2304159', 3),
(1000, 'D2304159', 5),
(1001, 'D2304159', 6),
(1002, 'D2304159', 7),
(1003, 'D2304159', 8),
(1004, 'D2304159', 16),
(1005, 'D2304159', 18),
(1006, 'D2304159', 22),
(1007, 'D2304160', 6),
(1008, 'D2304160', 11),
(1009, 'D2304160', 25),
(1010, 'D2304161', 1),
(1011, 'D2304161', 6),
(1012, 'D2304161', 11),
(1013, 'D2304161', 13),
(1014, 'D2304161', 14),
(1015, 'D2304162', 10),
(1016, 'D2304162', 15),
(1017, 'D2304162', 16),
(1018, 'D2304162', 22),
(1019, 'D2304163', 11),
(1020, 'D2304163', 19),
(1021, 'D2304163', 25),
(1022, 'D2304165', 2),
(1023, 'D2304165', 3),
(1024, 'D2304165', 4),
(1025, 'D2304165', 12),
(1026, 'D2304165', 13),
(1027, 'D2304165', 14),
(1028, 'D2304165', 18),
(1029, 'D2304166', 4),
(1030, 'D2304166', 11),
(1031, 'D2304166', 12),
(1032, 'D2304166', 13),
(1033, 'D2304166', 14),
(1034, 'D2304166', 17),
(1035, 'D2304167', 12),
(1036, 'D2304168', 11),
(1037, 'D2304168', 12),
(1038, 'D2304168', 27),
(1039, 'D2304169', 11),
(1040, 'D2304169', 12),
(1041, 'D2304169', 27),
(1042, 'D2304170', 6),
(1043, 'D2304170', 8),
(1044, 'D2304171', 2),
(1045, 'D2304171', 3),
(1046, 'D2304171', 8),
(1047, 'D2304172', 8),
(1048, 'D2304172', 12),
(1049, 'D2304172', 22),
(1050, 'D2304174', 2),
(1051, 'D2304174', 10),
(1052, 'D2304174', 12),
(1053, 'D2304174', 14),
(1054, 'D2304175', 22),
(1055, 'D2304175', 27),
(1056, 'D2304176', 8),
(1057, 'D2304176', 28),
(1058, 'D2304177', 7),
(1059, 'D2304177', 8),
(1060, 'D2304177', 10),
(1061, 'D2304177', 15),
(1062, 'D2304178', 7),
(1063, 'D2304178', 14),
(1064, 'D2304178', 17),
(1065, 'D2304179', 2),
(1066, 'D2304179', 11),
(1067, 'D2304179', 14),
(1068, 'D2304179', 17),
(1069, 'D2304180', 1),
(1070, 'D2304180', 13),
(1071, 'D2304180', 17),
(1072, 'D2304180', 23),
(1073, 'D2304181', 4),
(1074, 'D2304181', 7),
(1075, 'D2304181', 18),
(1076, 'D2304182', 4),
(1077, 'D2304182', 7),
(1078, 'D2304182', 11),
(1079, 'D2304183', 1),
(1080, 'D2304184', 4),
(1081, 'D2304185', 1),
(1082, 'D2304185', 4),
(1083, 'D2304185', 7),
(1084, 'D2304185', 9),
(1085, 'D2304185', 18),
(1086, 'D2304186', 4),
(1087, 'D2304186', 5),
(1088, 'D2304186', 7),
(1089, 'D2304186', 9),
(1090, 'D2304186', 12),
(1091, 'D2304186', 18),
(1092, 'D2304186', 22),
(1093, 'D2304188', 13),
(1094, 'D2304191', 11),
(1095, 'D2304192', 6),
(1096, 'D2304192', 8),
(1097, 'D2304193', 5),
(1098, 'D2304193', 6),
(1099, 'D2304194', 4),
(1100, 'D2304194', 28),
(1101, 'D2304195', 13),
(1102, 'D2304195', 16),
(1103, 'D2304196', 8),
(1104, 'D2304197', 5),
(1105, 'D2304198', 6),
(1106, 'D2304198', 7),
(1107, 'D2304199', 6),
(1108, 'D2304199', 15),
(1109, 'D2304200', 4),
(1110, 'D2304200', 28),
(1111, 'D2304201', 10),
(1112, 'D2304202', 10),
(1113, 'D2304203', 27),
(1114, 'D2304206', 10),
(1115, 'D2304207', 6),
(1116, 'D2304207', 7),
(1117, 'D2304207', 15),
(1118, 'D2304207', 16),
(1119, 'D2304207', 17),
(1120, 'D2304207', 22),
(1121, 'D2304207', 23),
(1122, 'D2304207', 27),
(1123, 'D2304208', 8),
(1124, 'D2304208', 10),
(1125, 'D2304208', 15),
(1126, 'D2304208', 25),
(1127, 'D2304209', 8),
(1128, 'D2304209', 10),
(1129, 'D2304209', 15),
(1130, 'D2304209', 19),
(1131, 'D2304209', 20),
(1132, 'D2304209', 21),
(1133, 'D2304209', 25),
(1134, 'D2304210', 2),
(1135, 'D2304210', 3),
(1136, 'D2304210', 10),
(1137, 'D2304210', 11),
(1138, 'D2304211', 2),
(1139, 'D2304211', 3),
(1140, 'D2304211', 19),
(1141, 'D2304211', 20),
(1142, 'D2304211', 21),
(1143, 'D2304212', 1),
(1144, 'D2304212', 2),
(1145, 'D2304212', 3),
(1146, 'D2304212', 8),
(1147, 'D2304212', 10),
(1148, 'D2304213', 8),
(1149, 'D2304213', 11),
(1150, 'D2304213', 25),
(1151, 'D2304214', 1),
(1152, 'D2304214', 8),
(1153, 'D2304214', 11),
(1154, 'D2304214', 13),
(1155, 'D2304214', 14),
(1156, 'D2304216', 2),
(1157, 'D2304216', 3),
(1158, 'D2304216', 4),
(1159, 'D2304216', 12),
(1160, 'D2304216', 13),
(1161, 'D2304216', 14),
(1162, 'D2304216', 18),
(1163, 'D2304217', 4),
(1164, 'D2304217', 11),
(1165, 'D2304217', 12),
(1166, 'D2304217', 13),
(1167, 'D2304217', 14),
(1168, 'D2304217', 17),
(1169, 'D2304218', 6),
(1170, 'D2304218', 8),
(1171, 'D2304219', 2),
(1172, 'D2304219', 3),
(1173, 'D2304219', 8),
(1174, 'D2304221', 22),
(1175, 'D2304221', 27),
(1176, 'D2304222', 6),
(1177, 'D2304222', 28),
(1178, 'D2304223', 7),
(1179, 'D2304223', 8),
(1180, 'D2304223', 10),
(1181, 'D2304223', 15),
(1182, 'D2304224', 2),
(1183, 'D2304224', 11),
(1184, 'D2304224', 14),
(1185, 'D2304224', 17),
(1186, 'D2304225', 1),
(1187, 'D2304225', 13),
(1188, 'D2304225', 17),
(1189, 'D2304225', 23),
(1190, 'D2304226', 4),
(1191, 'D2304226', 7),
(1192, 'D2304226', 11),
(1193, 'D2304227', 1),
(1194, 'D2304228', 4),
(1195, 'D2304229', 4),
(1196, 'D2304229', 7),
(1197, 'D2304229', 18),
(1198, 'D2304230', 1),
(1199, 'D2304230', 4),
(1200, 'D2304230', 7),
(1201, 'D2304230', 9),
(1202, 'D2304230', 18),
(1203, 'D2304231', 4),
(1204, 'D2304231', 5),
(1205, 'D2304231', 7),
(1206, 'D2304231', 9),
(1207, 'D2304231', 12),
(1208, 'D2304231', 18),
(1209, 'D2304231', 22),
(1210, 'D2305001', 11),
(1211, 'D2305002', 13),
(1212, 'D2305002', 15),
(1213, 'D2305002', 16),
(1214, 'D2305003', 6),
(1215, 'D2305003', 8),
(1216, 'D2305003', 10),
(1217, 'D2305004', 8),
(1218, 'D2305005', 11),
(1219, 'D2305006', 5),
(1220, 'D2305006', 10),
(1221, 'D2305006', 11),
(1222, 'D2305007', 5),
(1223, 'D2305007', 10),
(1224, 'D2305007', 11);

-- --------------------------------------------------------

--
-- Table structure for table `tbdetail_diagnosafaktor`
--

CREATE TABLE `tbdetail_diagnosafaktor` (
  `id_detail` int(10) NOT NULL,
  `id_diagnosafaktor` varchar(10) NOT NULL,
  `id_faktorlain` int(10) NOT NULL
) ENGINE=InnoDB DEFAULT CHARSET=latin1;

--
-- Dumping data for table `tbdetail_diagnosafaktor`
--

INSERT INTO `tbdetail_diagnosafaktor` (`id_detail`, `id_diagnosafaktor`, `id_faktorlain`) VALUES
(1, 'D2212002', 1),
(2, 'D2212002', 2),
(3, 'D2212002', 3),
(4, 'D2212002', 4),
(5, 'D2212002', 5),
(6, 'D2212004', 1),
(7, 'D2212004', 2),
(8, 'D2212004', 3),
(9, 'D2212005', 1),
(10, 'D2212005', 2),
(11, 'D2212005', 3),
(12, 'D2212007', 1),
(13, 'D2212007', 2),
(14, 'D2212007', 3),
(15, 'D2212008', 1),
(16, 'D2212008', 13),
(17, 'D2212008', 15),
(18, 'D2212010', 21),
(19, 'D2212010', 22),
(20, 'D2212010', 24),
(21, 'D2212010', 25),
(22, 'D2212010', 29),
(23, 'D2212012', 11),
(24, 'D2212012', 13),
(25, 'D2212012', 15),
(26, 'D2212012', 16),
(27, 'D2212012', 19),
(28, 'D2212013', 11),
(29, 'D2212013', 13),
(30, 'D2212013', 15),
(31, 'D2212013', 16),
(32, 'D2212013', 19),
(33, 'D2212014', 11),
(34, 'D2212014', 13),
(35, 'D2212014', 15),
(36, 'D2212014', 16),
(37, 'D2212014', 19),
(38, 'D2212015', 11),
(39, 'D2212015', 13),
(40, 'D2212015', 15),
(41, 'D2212015', 16),
(42, 'D2212015', 19),
(43, 'D2212016', 11),
(44, 'D2212016', 13),
(45, 'D2212016', 15),
(46, 'D2212016', 16),
(47, 'D2212016', 19),
(48, 'D2212017', 11),
(49, 'D2212017', 13),
(50, 'D2212017', 15),
(51, 'D2212017', 16),
(52, 'D2212017', 19),
(53, 'D2212018', 25),
(54, 'D2212018', 26),
(55, 'D2212018', 27),
(56, 'D2212018', 28),
(57, 'D2212018', 29),
(58, 'D2212018', 30),
(59, 'D2212018', 31),
(60, 'D2212019', 1),
(61, 'D2212019', 2),
(62, 'D2212019', 3),
(63, 'D2212020', 8),
(64, 'D2212020', 11),
(65, 'D2212020', 12),
(66, 'D2212020', 21),
(67, 'D2212020', 22),
(68, 'D2212021', 2),
(69, 'D2212021', 3),
(70, 'D2212021', 4),
(71, 'D2212022', 1),
(72, 'D2212023', 1),
(73, 'D2212023', 2),
(74, 'D2212023', 3),
(75, 'D2212024', 5),
(76, 'D2212025', 1),
(77, 'D2212025', 2),
(78, 'D2212025', 3),
(79, 'D2212026', 24),
(80, 'D2212026', 29),
(81, 'D2212027', 1),
(82, 'D2212027', 2),
(83, 'D2212027', 3),
(84, 'D2212028', 1),
(85, 'D2212028', 2),
(86, 'D2212028', 3),
(87, 'D2212029', 26),
(88, 'D2302001', 7),
(89, 'D2304001', 1),
(90, 'D2304007', 1),
(91, 'D2304012', 1),
(92, 'D2304012', 2),
(93, 'D2304012', 3),
(94, 'D2304014', 29),
(95, 'D2304015', 1),
(96, 'D2304015', 2),
(97, 'D2304017', 25),
(98, 'D2304017', 26),
(99, 'D2304018', 1),
(100, 'D2304019', 1),
(101, 'D2304019', 2),
(102, 'D2304020', 1),
(103, 'D2304021', 1),
(104, 'D2304021', 2),
(105, 'D2304022', 1),
(106, 'D2304022', 2),
(107, 'D2304023', 4),
(108, 'D2304023', 5),
(109, 'D2304025', 23),
(110, 'D2304026', 1),
(111, 'D2304030', 23),
(112, 'D2304031', 1),
(113, 'D2304031', 2),
(114, 'D2304031', 3),
(115, 'D2304031', 4),
(116, 'D2304031', 5),
(117, 'D2304031', 6),
(118, 'D2304031', 7),
(119, 'D2304031', 8),
(120, 'D2304031', 9),
(121, 'D2304031', 10),
(122, 'D2304031', 11),
(123, 'D2304032', 4),
(124, 'D2304032', 5),
(125, 'D2304032', 7),
(126, 'D2304032', 11),
(127, 'D2304033', 9),
(128, 'D2304034', 9),
(129, 'D2304034', 13),
(130, 'D2304035', 13),
(131, 'D2304036', 11),
(132, 'D2304036', 13),
(133, 'D2304038', 4),
(134, 'D2304038', 12),
(135, 'D2304038', 22),
(136, 'D2304038', 25),
(137, 'D2304039', 1),
(138, 'D2304040', 25),
(139, 'D2304040', 26),
(140, 'D2304041', 1),
(141, 'D2304041', 2),
(142, 'D2304042', 28),
(143, 'D2304042', 31),
(144, 'D2304043', 31),
(145, 'D2304051', 23),
(146, 'D2304052', 1),
(147, 'D2304053', 9),
(148, 'D2304056', 31),
(149, 'D2304058', 9),
(150, 'D2304059', 9),
(151, 'D2304060', 1),
(152, 'D2304061', 9),
(153, 'D2304062', 9),
(154, 'D2304064', 3),
(155, 'D2304065', 9),
(156, 'D2304066', 9),
(157, 'D2304067', 2),
(158, 'D2304068', 9),
(159, 'D2304069', 9),
(160, 'D2304071', 9),
(161, 'D2304072', 1),
(162, 'D2304072', 6),
(163, 'D2304072', 9),
(164, 'D2304072', 10),
(165, 'D2304072', 11),
(166, 'D2304073', 9),
(167, 'D2304074', 9),
(168, 'D2304075', 9),
(169, 'D2304076', 31),
(170, 'D2304077', 2),
(171, 'D2304078', 3),
(172, 'D2304079', 4),
(173, 'D2304080', 31),
(174, 'D2304081', 3),
(175, 'D2304083', 1),
(176, 'D2304085', 22),
(177, 'D2304086', 31),
(178, 'D2304087', 31),
(179, 'D2304088', 9),
(180, 'D2304089', 31),
(181, 'D2304090', 31),
(182, 'D2304091', 9),
(183, 'D2304091', 22),
(184, 'D2304093', 9),
(185, 'D2304094', 1),
(186, 'D2304095', 6),
(187, 'D2304095', 10),
(188, 'D2304095', 12),
(189, 'D2304096', 7),
(190, 'D2304096', 9),
(191, 'D2304096', 25),
(192, 'D2304097', 12),
(193, 'D2304097', 13),
(194, 'D2304097', 14),
(195, 'D2304098', 13),
(196, 'D2304098', 15),
(197, 'D2304098', 22),
(198, 'D2304098', 25),
(199, 'D2304099', 3),
(200, 'D2304099', 22),
(201, 'D2304100', 1),
(202, 'D2304100', 4),
(203, 'D2304100', 13),
(204, 'D2304100', 29),
(205, 'D2304100', 30),
(206, 'D2304101', 6),
(207, 'D2304102', 17),
(208, 'D2304102', 18),
(209, 'D2304102', 21),
(210, 'D2304102', 22),
(211, 'D2304102', 26),
(212, 'D2304103', 1),
(213, 'D2304103', 2),
(214, 'D2304103', 3),
(215, 'D2304103', 4),
(216, 'D2304103', 5),
(217, 'D2304104', 17),
(218, 'D2304104', 18),
(219, 'D2304104', 21),
(220, 'D2304104', 22),
(221, 'D2304104', 26),
(222, 'D2304105', 17),
(223, 'D2304105', 18),
(224, 'D2304105', 21),
(225, 'D2304105', 22),
(226, 'D2304105', 25),
(227, 'D2304106', 6),
(228, 'D2304106', 7),
(229, 'D2304106', 8),
(230, 'D2304107', 9),
(231, 'D2304108', 1),
(232, 'D2304109', 1),
(233, 'D2304110', 1),
(234, 'D2304110', 3),
(235, 'D2304110', 7),
(236, 'D2304110', 26),
(237, 'D2304110', 29),
(238, 'D2304111', 1),
(239, 'D2304112', 2),
(240, 'D2304112', 6),
(241, 'D2304112', 7),
(242, 'D2304113', 9),
(243, 'D2304114', 1),
(244, 'D2304115', 28),
(245, 'D2304115', 31),
(246, 'D2304116', 17),
(247, 'D2304116', 18),
(248, 'D2304116', 21),
(249, 'D2304116', 22),
(250, 'D2304116', 26),
(251, 'D2304123', 11),
(252, 'D2304123', 12),
(253, 'D2304123', 15),
(254, 'D2304123', 24),
(255, 'D2304123', 25),
(256, 'D2304124', 1),
(257, 'D2304124', 2),
(258, 'D2304124', 3),
(259, 'D2304124', 4),
(260, 'D2304124', 5),
(261, 'D2304124', 6),
(262, 'D2304124', 7),
(263, 'D2304124', 8),
(264, 'D2304124', 9),
(265, 'D2304124', 10),
(266, 'D2304124', 11),
(267, 'D2304124', 12),
(268, 'D2304124', 13),
(269, 'D2304124', 14),
(270, 'D2304124', 15),
(271, 'D2304124', 16),
(272, 'D2304124', 17),
(273, 'D2304124', 18),
(274, 'D2304124', 19),
(275, 'D2304124', 20),
(276, 'D2304124', 21),
(277, 'D2304124', 22),
(278, 'D2304124', 23),
(279, 'D2304124', 24),
(280, 'D2304124', 25),
(281, 'D2304124', 26),
(282, 'D2304124', 27),
(283, 'D2304124', 28),
(284, 'D2304124', 29),
(285, 'D2304124', 30),
(286, 'D2304124', 31),
(287, 'D2304124', 33),
(288, 'D2304124', 34),
(289, 'D2304126', 1),
(290, 'D2304126', 2),
(291, 'D2304126', 3),
(292, 'D2304126', 4),
(293, 'D2304126', 5),
(294, 'D2304126', 6),
(295, 'D2304126', 7),
(296, 'D2304126', 8),
(297, 'D2304126', 9),
(298, 'D2304126', 10),
(299, 'D2304126', 11),
(300, 'D2304126', 12),
(301, 'D2304126', 13),
(302, 'D2304126', 14),
(303, 'D2304126', 15),
(304, 'D2304126', 16),
(305, 'D2304126', 17),
(306, 'D2304126', 18),
(307, 'D2304126', 19),
(308, 'D2304126', 20),
(309, 'D2304126', 21),
(310, 'D2304126', 22),
(311, 'D2304126', 23),
(312, 'D2304126', 24),
(313, 'D2304126', 25),
(314, 'D2304126', 26),
(315, 'D2304126', 27),
(316, 'D2304126', 28),
(317, 'D2304126', 29),
(318, 'D2304126', 30),
(319, 'D2304126', 31),
(320, 'D2304126', 33),
(321, 'D2304126', 34),
(322, 'D2304128', 5),
(323, 'D2304128', 6),
(324, 'D2304129', 1),
(325, 'D2304129', 2),
(326, 'D2304129', 5),
(327, 'D2304129', 7),
(328, 'D2304130', 1),
(329, 'D2304133', 9),
(330, 'D2304135', 9),
(331, 'D2304137', 9),
(332, 'D2304137', 29),
(333, 'D2304139', 2),
(334, 'D2304139', 3),
(335, 'D2304139', 5),
(336, 'D2304140', 7),
(337, 'D2304140', 9),
(338, 'D2304140', 12),
(339, 'D2304142', 1),
(340, 'D2304142', 2),
(341, 'D2304142', 7),
(342, 'D2304143', 1),
(343, 'D2304143', 12),
(344, 'D2304143', 15),
(345, 'D2304144', 1),
(346, 'D2304144', 2),
(347, 'D2304146', 17),
(348, 'D2304146', 25),
(349, 'D2304146', 26),
(350, 'D2304146', 29),
(351, 'D2304147', 1),
(352, 'D2304147', 2),
(353, 'D2304147', 14),
(354, 'D2304147', 34),
(355, 'D2304148', 2),
(356, 'D2304149', 5),
(357, 'D2304150', 8),
(358, 'D2304151', 15),
(359, 'D2304151', 21),
(360, 'D2304152', 1),
(361, 'D2304152', 3),
(362, 'D2304152', 4),
(363, 'D2304152', 7),
(364, 'D2304153', 10),
(365, 'D2304153', 12),
(366, 'D2304153', 17),
(367, 'D2304154', 2),
(368, 'D2304154', 18),
(369, 'D2304155', 1),
(370, 'D2304158', 2),
(371, 'D2304158', 6),
(372, 'D2304158', 9),
(373, 'D2304159', 28),
(374, 'D2304160', 8),
(375, 'D2304160', 11),
(376, 'D2304160', 13),
(377, 'D2304161', 8),
(378, 'D2304161', 25),
(379, 'D2304161', 26),
(380, 'D2304162', 25),
(381, 'D2304162', 26),
(382, 'D2304163', 14),
(383, 'D2304163', 20),
(384, 'D2304164', 4),
(385, 'D2304164', 7),
(386, 'D2304164', 9),
(387, 'D2304164', 26),
(388, 'D2304164', 27),
(389, 'D2304165', 25),
(390, 'D2304165', 26),
(391, 'D2304166', 12),
(392, 'D2304166', 13),
(393, 'D2304166', 25),
(394, 'D2304166', 26),
(395, 'D2304167', 5),
(396, 'D2304167', 30),
(397, 'D2304168', 5),
(398, 'D2304168', 30),
(399, 'D2304169', 5),
(400, 'D2304169', 16),
(401, 'D2304169', 30),
(402, 'D2304170', 5),
(403, 'D2304170', 8),
(404, 'D2304170', 31),
(405, 'D2304171', 1),
(406, 'D2304172', 5),
(407, 'D2304172', 31),
(408, 'D2304173', 1),
(409, 'D2304174', 1),
(410, 'D2304175', 1),
(411, 'D2304176', 1),
(412, 'D2304176', 30),
(413, 'D2304177', 31),
(414, 'D2304178', 1),
(415, 'D2304179', 1),
(416, 'D2304179', 30),
(417, 'D2304180', 8),
(418, 'D2304181', 5),
(419, 'D2304181', 25),
(420, 'D2304181', 26),
(421, 'D2304181', 31),
(422, 'D2304182', 13),
(423, 'D2304182', 25),
(424, 'D2304182', 26),
(425, 'D2304182', 29),
(426, 'D2304183', 10),
(427, 'D2304183', 17),
(428, 'D2304183', 25),
(429, 'D2304183', 28),
(430, 'D2304183', 29),
(431, 'D2304184', 25),
(432, 'D2304184', 26),
(433, 'D2304184', 29),
(434, 'D2304185', 25),
(435, 'D2304185', 26),
(436, 'D2304185', 29),
(437, 'D2304186', 11),
(438, 'D2304186', 17),
(439, 'D2304186', 25),
(440, 'D2304186', 26),
(441, 'D2304186', 29),
(442, 'D2304187', 1),
(443, 'D2304187', 12),
(444, 'D2304187', 15),
(445, 'D2304189', 12),
(446, 'D2304190', 1),
(447, 'D2304190', 12),
(448, 'D2304190', 15),
(449, 'D2304201', 8),
(450, 'D2304202', 28),
(451, 'D2304203', 8),
(452, 'D2304204', 8),
(453, 'D2304204', 34),
(454, 'D2304205', 8),
(455, 'D2304205', 15),
(456, 'D2304207', 1),
(457, 'D2304207', 2),
(458, 'D2304207', 5),
(459, 'D2304207', 7),
(460, 'D2304208', 15),
(461, 'D2304208', 21),
(462, 'D2304209', 1),
(463, 'D2304209', 3),
(464, 'D2304209', 4),
(465, 'D2304209', 6),
(466, 'D2304210', 10),
(467, 'D2304210', 12),
(468, 'D2304210', 17),
(469, 'D2304211', 2),
(470, 'D2304211', 18),
(471, 'D2304212', 1),
(472, 'D2304213', 8),
(473, 'D2304213', 11),
(474, 'D2304213', 13),
(475, 'D2304214', 8),
(476, 'D2304214', 25),
(477, 'D2304214', 26),
(478, 'D2304215', 4),
(479, 'D2304215', 7),
(480, 'D2304215', 9),
(481, 'D2304215', 26),
(482, 'D2304215', 27),
(483, 'D2304216', 25),
(484, 'D2304216', 26),
(485, 'D2304217', 12),
(486, 'D2304217', 13),
(487, 'D2304217', 25),
(488, 'D2304217', 26),
(489, 'D2304218', 5),
(490, 'D2304218', 8),
(491, 'D2304218', 31),
(492, 'D2304219', 1),
(493, 'D2304220', 1),
(494, 'D2304221', 1),
(495, 'D2304222', 1),
(496, 'D2304222', 30),
(497, 'D2304223', 31),
(498, 'D2304224', 1),
(499, 'D2304224', 30),
(500, 'D2304225', 8),
(501, 'D2304226', 13),
(502, 'D2304226', 25),
(503, 'D2304226', 26),
(504, 'D2304226', 29),
(505, 'D2304227', 10),
(506, 'D2304227', 17),
(507, 'D2304227', 25),
(508, 'D2304227', 28),
(509, 'D2304227', 29),
(510, 'D2304228', 25),
(511, 'D2304228', 26),
(512, 'D2304228', 29),
(513, 'D2304229', 5),
(514, 'D2304229', 25),
(515, 'D2304229', 26),
(516, 'D2304229', 29),
(517, 'D2304230', 25),
(518, 'D2304230', 26),
(519, 'D2304230', 29),
(520, 'D2304231', 11),
(521, 'D2304231', 17),
(522, 'D2304231', 25),
(523, 'D2304231', 26),
(524, 'D2304231', 29),
(525, 'D2305006', 3);

-- --------------------------------------------------------

--
-- Table structure for table `tbdiagnosa`
--

CREATE TABLE `tbdiagnosa` (
  `id_diagnosa` varchar(10) NOT NULL,
  `tanggal` date NOT NULL,
  `id_pengguna` int(10) NOT NULL,
  `id_penyakit` int(10) NOT NULL,
  `hasil_diagnosa` varchar(10) NOT NULL
) ENGINE=InnoDB DEFAULT CHARSET=latin1;

--
-- Dumping data for table `tbdiagnosa`
--

INSERT INTO `tbdiagnosa` (`id_diagnosa`, `tanggal`, `id_pengguna`, `id_penyakit`, `hasil_diagnosa`) VALUES
('D2212001', '2022-12-15', 6, 1, '0.17'),
('D2212002', '2022-12-15', 6, 1, '0.17'),
('D2212003', '2022-12-16', 6, 1, '0.13'),
('D2212004', '2022-12-16', 6, 1, '0.13'),
('D2212005', '2022-12-16', 6, 1, '0.1'),
('D2212006', '2022-12-16', 6, 1, '0.13'),
('D2212007', '2022-12-16', 6, 1, '0.13'),
('D2212008', '2022-12-16', 6, 1, '0.09'),
('D2212009', '2022-12-16', 6, 1, '0.24'),
('D2212010', '2022-12-16', 6, 1, '0.15'),
('D2212011', '2022-12-17', 6, 1, '0.17'),
('D2212012', '2022-12-19', 6, 1, '0.14'),
('D2212013', '2022-12-19', 6, 1, '0.14'),
('D2212014', '2022-12-19', 6, 1, '0.14'),
('D2212015', '2022-12-19', 6, 1, '0.14'),
('D2212016', '2022-12-19', 6, 1, '0.23'),
('D2212017', '2022-12-19', 6, 1, '0.23'),
('D2212018', '2022-12-19', 6, 2, '0.54'),
('D2212019', '2022-12-19', 6, 1, '0.18'),
('D2212020', '2022-12-19', 6, 2, '0.27'),
('D2212021', '2022-12-19', 6, 1, '0.18'),
('D2212022', '2022-12-19', 6, 1, '0.06'),
('D2212023', '2022-12-19', 6, 1, '0.22'),
('D2212024', '2022-12-19', 6, 2, '0.15'),
('D2212025', '2022-12-19', 6, 1, '0.21'),
('D2212026', '2022-12-19', 6, 2, '0.3'),
('D2212027', '2022-12-19', 6, 1, '0.21'),
('D2212028', '2022-12-19', 6, 1, '0.21'),
('D2212029', '2022-12-19', 6, 2, '0.23'),
('D2302001', '2023-02-17', 1, 2, '0.1'),
('D2304001', '2023-04-04', 6, 1, '0.11'),
('D2304002', '2023-04-04', 10, 0, ''),
('D2304003', '2023-04-04', 10, 0, ''),
('D2304004', '2023-04-04', 10, 0, ''),
('D2304005', '2023-04-04', 6, 0, ''),
('D2304006', '2023-04-04', 6, 0, ''),
('D2304007', '2023-04-04', 6, 1, '0.08'),
('D2304008', '2023-04-04', 6, 0, ''),
('D2304009', '2023-04-04', 6, 0, ''),
('D2304010', '2023-04-04', 6, 0, ''),
('D2304011', '2023-04-04', 6, 0, ''),
('D2304012', '2023-04-04', 6, 1, '0.21'),
('D2304013', '2023-04-04', 11, 0, ''),
('D2304014', '2023-04-04', 11, 2, '0.15'),
('D2304015', '2023-04-04', 6, 1, '0.15'),
('D2304016', '2023-04-04', 11, 0, ''),
('D2304017', '2023-04-04', 11, 1, '0.11'),
('D2304018', '2023-04-04', 11, 1, '0.11'),
('D2304019', '2023-04-04', 6, 1, '0.15'),
('D2304020', '2023-04-04', 6, 1, '0.11'),
('D2304021', '2023-04-04', 6, 1, '0.15'),
('D2304022', '2023-04-04', 6, 1, '0.15'),
('D2304023', '2023-04-04', 6, 2, '0.15'),
('D2304024', '2023-04-04', 6, 0, ''),
('D2304025', '2023-04-04', 6, 1, '0.08'),
('D2304026', '2023-04-04', 6, 2, '0.19'),
('D2304027', '2023-04-04', 6, 0, ''),
('D2304028', '2023-04-04', 6, 0, ''),
('D2304029', '2023-04-04', 6, 0, ''),
('D2304030', '2023-04-04', 6, 1, '0.6'),
('D2304031', '2023-04-04', 6, 1, '0.58'),
('D2304032', '2023-04-04', 6, 2, '0.3'),
('D2304033', '2023-04-04', 6, 2, '0.15'),
('D2304034', '2023-04-04', 6, 2, '0.19'),
('D2304035', '2023-04-04', 6, 1, '0.58'),
('D2304036', '2023-04-04', 6, 1, '0.15'),
('D2304037', '2023-04-04', 6, 0, ''),
('D2304038', '2023-04-04', 6, 1, '0.24'),
('D2304039', '2023-04-04', 6, 1, '0.21'),
('D2304040', '2023-04-04', 6, 2, '0.3'),
('D2304041', '2023-04-04', 6, 1, '0.15'),
('D2304042', '2023-04-04', 6, 1, '0.11'),
('D2304043', '2023-04-04', 6, 2, '0.1'),
('D2304044', '2023-04-04', 6, 0, ''),
('D2304045', '2023-04-04', 6, 0, ''),
('D2304046', '2023-04-04', 6, 0, ''),
('D2304047', '2023-04-05', 6, 0, ''),
('D2304048', '2023-04-05', 6, 0, ''),
('D2304049', '2023-04-05', 6, 0, ''),
('D2304050', '2023-04-05', 6, 0, ''),
('D2304051', '2023-04-05', 6, 1, '0.08'),
('D2304052', '2023-04-05', 6, 1, '0.58'),
('D2304053', '2023-04-05', 6, 1, '0.58'),
('D2304054', '2023-04-05', 6, 0, ''),
('D2304055', '2023-04-05', 6, 0, ''),
('D2304056', '2023-04-05', 6, 2, '0.1'),
('D2304057', '2023-04-05', 6, 0, ''),
('D2304058', '2023-04-05', 6, 1, '0.58'),
('D2304059', '2023-04-08', 6, 1, '0.58'),
('D2304060', '2023-04-09', 6, 1, '0.15'),
('D2304061', '2023-04-09', 6, 1, '0.58'),
('D2304062', '2023-04-09', 6, 1, '0.58'),
('D2304063', '2023-04-09', 6, 0, ''),
('D2304064', '2023-04-09', 6, 1, '0.08'),
('D2304065', '2023-04-09', 6, 1, '0.58'),
('D2304066', '2023-04-09', 6, 0, ''),
('D2304067', '2023-04-09', 6, 1, '0.08'),
('D2304068', '2023-04-09', 6, 0, ''),
('D2304069', '2023-04-09', 6, 0, ''),
('D2304070', '2023-04-09', 6, 0, ''),
('D2304071', '2023-04-09', 6, 1, '0.58'),
('D2304072', '2023-04-09', 6, 0, ''),
('D2304073', '2023-04-09', 6, 1, '0.58'),
('D2304074', '2023-04-09', 6, 1, '0.58'),
('D2304075', '2023-04-09', 6, 1, '0.58'),
('D2304076', '2023-04-09', 6, 2, '0.1'),
('D2304077', '2023-04-09', 6, 1, '0.08'),
('D2304078', '2023-04-09', 6, 1, '0.15'),
('D2304079', '2023-04-09', 6, 2, '0.1'),
('D2304080', '2023-04-09', 6, 2, '0.19'),
('D2304081', '2023-04-09', 6, 1, '0.11'),
('D2304082', '2023-04-09', 6, 0, ''),
('D2304083', '2023-04-09', 6, 1, '0.11'),
('D2304084', '2023-04-09', 6, 0, ''),
('D2304085', '2023-04-09', 6, 2, '0.1'),
('D2304086', '2023-04-09', 6, 1, '0.04'),
('D2304087', '2023-04-09', 6, 2, '0.1'),
('D2304088', '2023-04-09', 6, 1, '0.58'),
('D2304089', '2023-04-09', 6, 1, '0.04'),
('D2304090', '2023-04-09', 6, 2, '0.1'),
('D2304091', '2023-04-09', 6, 2, '0.19'),
('D2304092', '2023-04-09', 6, 0, ''),
('D2304093', '2023-04-09', 6, 1, '0.58'),
('D2304094', '2023-04-09', 10, 1, '0.11'),
('D2304095', '2023-04-09', 10, 2, '0.23'),
('D2304096', '2023-04-09', 10, 2, '0.31'),
('D2304097', '2023-04-09', 10, 1, '0.24'),
('D2304098', '2023-04-09', 10, 1, '0.27'),
('D2304099', '2023-04-09', 10, 1, '0.24'),
('D2304100', '2023-04-09', 10, 2, '0.37'),
('D2304101', '2023-04-09', 10, 1, '0.15'),
('D2304102', '2023-04-09', 10, 1, '0.35'),
('D2304103', '2023-04-09', 6, 1, '0.35'),
('D2304104', '2023-04-09', 6, 1, '0.35'),
('D2304105', '2023-04-09', 10, 1, '0.35'),
('D2304106', '2023-04-09', 10, 2, '0.31'),
('D2304107', '2023-04-09', 10, 1, '0.58'),
('D2304108', '2023-04-09', 10, 2, '0.19'),
('D2304109', '2023-04-09', 10, 1, '0.11'),
('D2304110', '2023-04-09', 10, 1, '0.3'),
('D2304111', '2023-04-09', 10, 1, '0.08'),
('D2304112', '2023-04-10', 10, 2, '0.27'),
('D2304113', '2023-04-10', 10, 1, '0.58'),
('D2304114', '2023-04-10', 10, 1, '0.08'),
('D2304115', '2023-04-10', 10, 1, '0.14'),
('D2304116', '2023-04-10', 10, 1, '0.33'),
('D2304117', '2023-04-10', 6, 2, '0.05'),
('D2304118', '2023-04-10', 6, 2, '0.05'),
('D2304119', '2023-04-10', 6, 2, '0.23'),
('D2304120', '2023-04-10', 6, 2, '0.38'),
('D2304121', '2023-04-10', 6, 2, '0.05'),
('D2304122', '2023-04-10', 6, 1, '0.58'),
('D2304123', '2023-04-10', 6, 1, '0.35'),
('D2304124', '2023-04-10', 12, 1, '0.88'),
('D2304125', '2023-04-10', 12, 2, '0.6'),
('D2304126', '2023-04-10', 12, 1, '0.64'),
('D2304127', '2023-04-10', 12, 2, '0.6'),
('D2304128', '2023-04-10', 12, 1, '0.25'),
('D2304129', '2023-04-10', 12, 1, '0.3'),
('D2304130', '2023-04-10', 12, 1, '0.22'),
('D2304131', '2023-04-10', 12, 1, '0.04'),
('D2304132', '2023-04-10', 12, 2, '0.05'),
('D2304133', '2023-04-10', 12, 2, '0.09'),
('D2304134', '2023-04-10', 12, 2, '0.09'),
('D2304135', '2023-04-10', 12, 2, '0.09'),
('D2304136', '2023-04-10', 12, 2, '0.09'),
('D2304137', '2023-04-10', 12, 2, '0.17'),
('D2304138', '2023-04-10', 12, 2, '0.13'),
('D2304139', '2023-04-10', 12, 1, '0.12'),
('D2304140', '2023-04-10', 12, 2, '0.13'),
('D2304141', '2023-04-10', 12, 0, ''),
('D2304142', '2023-04-10', 12, 1, '0.12'),
('D2304143', '2023-04-10', 12, 1, '0.12'),
('D2304144', '2023-04-10', 12, 1, '0.12'),
('D2304145', '2023-04-12', 12, 1, '0.04'),
('D2304146', '2023-04-13', 6, 2, '0.35'),
('D2304147', '2023-04-13', 6, 1, '0.34'),
('D2304148', '2023-04-13', 6, 1, '0.12'),
('D2304149', '2023-04-13', 6, 1, '0.12'),
('D2304150', '2023-04-13', 6, 2, '0.09'),
('D2304151', '2023-04-14', 12, 1, '0.22'),
('D2304152', '2023-04-14', 12, 1, '0.37'),
('D2304153', '2023-04-14', 12, 1, '0.25'),
('D2304154', '2023-04-14', 12, 1, '0.25'),
('D2304155', '2023-04-14', 12, 1, '0.22'),
('D2304156', '2023-04-14', 12, 0, ''),
('D2304157', '2023-04-14', 12, 2, '0.21'),
('D2304158', '2023-04-14', 12, 1, '0.29'),
('D2304159', '2023-04-14', 12, 1, '0.28'),
('D2304160', '2023-04-14', 12, 2, '0.21'),
('D2304161', '2023-04-14', 12, 2, '0.24'),
('D2304162', '2023-04-14', 12, 2, '0.17'),
('D2304163', '2023-04-14', 12, 1, '0.19'),
('D2304164', '2023-04-14', 12, 2, '0.17'),
('D2304165', '2023-04-14', 12, 2, '0.31'),
('D2304166', '2023-04-14', 12, 2, '0.38'),
('D2304167', '2023-04-14', 13, 1, '0.12'),
('D2304168', '2023-04-14', 13, 2, '0.17'),
('D2304169', '2023-04-14', 13, 1, '0.19'),
('D2304170', '2023-04-14', 13, 1, '0.15'),
('D2304171', '2023-04-14', 13, 1, '0.15'),
('D2304172', '2023-04-14', 13, 1, '0.19'),
('D2304173', '2023-04-14', 13, 1, '0.04'),
('D2304174', '2023-04-14', 13, 1, '0.19'),
('D2304175', '2023-04-14', 13, 2, '0.09'),
('D2304176', '2023-04-14', 13, 1, '0.12'),
('D2304177', '2023-04-14', 13, 1, '0.15'),
('D2304178', '2023-04-14', 13, 2, '0.13'),
('D2304179', '2023-04-14', 13, 1, '0.22'),
('D2304180', '2023-04-14', 13, 2, '0.17'),
('D2304181', '2023-04-14', 13, 2, '0.29'),
('D2304182', '2023-04-14', 13, 2, '0.29'),
('D2304183', '2023-04-14', 13, 1, '0.15'),
('D2304184', '2023-04-14', 13, 2, '0.17'),
('D2304185', '2023-04-14', 13, 2, '0.28'),
('D2304186', '2023-04-14', 13, 2, '0.44'),
('D2304187', '2023-04-16', 6, 1, '0.12'),
('D2304188', '2023-04-16', 6, 2, '0.05'),
('D2304189', '2023-04-16', 6, 2, '0.05'),
('D2304190', '2023-04-16', 6, 1, '0.12'),
('D2304191', '2023-04-16', 6, 2, '0.05'),
('D2304192', '2023-04-16', 6, 1, '0.08'),
('D2304193', '2023-04-16', 6, 1, '0.08'),
('D2304194', '2023-04-16', 6, 2, '0.09'),
('D2304195', '2023-04-16', 6, 2, '0.09'),
('D2304196', '2023-04-16', 6, 1, '0.04'),
('D2304197', '2023-04-16', 6, 2, '0.05'),
('D2304198', '2023-04-16', 6, 2, '0.05'),
('D2304199', '2023-04-16', 6, 1, '0.08'),
('D2304200', '2023-04-16', 6, 2, '0.09'),
('D2304201', '2023-04-16', 6, 1, '0.04'),
('D2304202', '2023-04-16', 6, 1, '0.04'),
('D2304203', '2023-04-16', 6, 2, '0.09'),
('D2304204', '2023-04-16', 6, 2, '0.05'),
('D2304205', '2023-04-16', 6, 2, '0.05'),
('D2304206', '2023-04-16', 6, 1, '0.04'),
('D2304207', '2023-04-16', 6, 1, '0.3'),
('D2304208', '2023-04-27', 12, 1, '0.22'),
('D2304209', '2023-04-27', 12, 1, '0.37'),
('D2304210', '2023-04-27', 12, 1, '0.25'),
('D2304211', '2023-04-27', 12, 1, '0.25'),
('D2304212', '2023-04-27', 12, 1, '0.22'),
('D2304213', '2023-04-27', 12, 2, '0.21'),
('D2304214', '2023-04-27', 12, 2, '0.24'),
('D2304215', '2023-04-27', 12, 2, '0.17'),
('D2304216', '2023-04-27', 12, 2, '0.31'),
('D2304217', '2023-04-27', 12, 2, '0.38'),
('D2304218', '2023-04-27', 13, 1, '0.15'),
('D2304219', '2023-04-27', 13, 1, '0.15'),
('D2304220', '2023-04-27', 13, 1, '0.04'),
('D2304221', '2023-04-27', 13, 2, '0.09'),
('D2304222', '2023-04-27', 13, 1, '0.12'),
('D2304223', '2023-04-27', 13, 1, '0.15'),
('D2304224', '2023-04-27', 13, 1, '0.22'),
('D2304225', '2023-04-27', 13, 2, '0.17'),
('D2304226', '2023-04-27', 13, 2, '0.29'),
('D2304227', '2023-04-27', 13, 1, '0.15'),
('D2304228', '2023-04-27', 13, 2, '0.17'),
('D2304229', '2023-04-27', 13, 2, '0.29'),
('D2304230', '2023-04-27', 13, 2, '0.28'),
('D2304231', '2023-04-27', 13, 2, '0.44'),
('D2305001', '2023-05-24', 12, 2, '0.05'),
('D2305002', '2023-05-24', 12, 1, '0.12'),
('D2305003', '2023-05-24', 12, 1, '0.12'),
('D2305004', '2023-05-24', 12, 0, ''),
('D2305005', '2023-05-24', 12, 0, ''),
('D2305006', '2023-05-24', 12, 1, '0.15'),
('D2305007', '2023-05-24', 12, 1, '0.12');

-- --------------------------------------------------------

--
-- Table structure for table `tbdiagnosafaktor`
--

CREATE TABLE `tbdiagnosafaktor` (
  `id_diagnosafaktor` varchar(10) NOT NULL,
  `tanggal` date NOT NULL,
  `id_pengguna` int(10) NOT NULL,
  `id_penyakit` int(10) NOT NULL,
  `hasil_diagnosa` varchar(10) NOT NULL
) ENGINE=InnoDB DEFAULT CHARSET=latin1;

--
-- Dumping data for table `tbdiagnosafaktor`
--

INSERT INTO `tbdiagnosafaktor` (`id_diagnosafaktor`, `tanggal`, `id_pengguna`, `id_penyakit`, `hasil_diagnosa`) VALUES
('D2212001', '2022-12-15', 6, 1, '0.17'),
('D2212002', '2022-12-15', 6, 1, '0.17'),
('D2212003', '2022-12-16', 6, 1, '0.13'),
('D2212004', '2022-12-16', 6, 1, '0.13'),
('D2212005', '2022-12-16', 6, 1, '0.1'),
('D2212006', '2022-12-16', 6, 1, '0.13'),
('D2212007', '2022-12-16', 6, 1, '0.13'),
('D2212008', '2022-12-16', 6, 1, '0.09'),
('D2212009', '2022-12-16', 6, 1, '0.24'),
('D2212010', '2022-12-16', 6, 1, '0.15'),
('D2212011', '2022-12-17', 6, 1, '0.17'),
('D2212012', '2022-12-19', 6, 1, '0.14'),
('D2212013', '2022-12-19', 6, 1, '0.14'),
('D2212014', '2022-12-19', 6, 1, '0.14'),
('D2212015', '2022-12-19', 6, 1, '0.14'),
('D2212016', '2022-12-19', 6, 1, '0.23'),
('D2212017', '2022-12-19', 6, 1, '0.23'),
('D2212018', '2022-12-19', 6, 2, '0.54'),
('D2212019', '2022-12-19', 6, 1, '0.18'),
('D2212020', '2022-12-19', 6, 2, '0.27'),
('D2212021', '2022-12-19', 6, 1, '0.18'),
('D2212022', '2022-12-19', 6, 1, '0.06'),
('D2212023', '2022-12-19', 6, 1, '0.22'),
('D2212024', '2022-12-19', 6, 2, '0.15'),
('D2212025', '2022-12-19', 6, 1, '0.21'),
('D2212026', '2022-12-19', 6, 2, '0.3'),
('D2212027', '2022-12-19', 6, 1, '0.21'),
('D2212028', '2022-12-19', 6, 1, '0.21'),
('D2212029', '2022-12-19', 6, 2, '0.23'),
('D2302001', '2023-02-17', 1, 2, '0.1'),
('D2304001', '2023-04-04', 6, 1, '0.11'),
('D2304002', '2023-04-04', 10, 0, ''),
('D2304003', '2023-04-04', 10, 0, ''),
('D2304004', '2023-04-04', 10, 0, ''),
('D2304005', '2023-04-04', 6, 0, ''),
('D2304006', '2023-04-04', 6, 0, ''),
('D2304007', '2023-04-04', 6, 1, '0.08'),
('D2304011', '2023-04-04', 6, 0, ''),
('D2304012', '2023-04-04', 6, 1, '0.21'),
('D2304013', '2023-04-04', 11, 0, ''),
('D2304014', '2023-04-04', 11, 2, '0.15'),
('D2304015', '2023-04-04', 6, 1, '0.15'),
('D2304016', '2023-04-04', 11, 0, ''),
('D2304017', '2023-04-04', 11, 1, '0.11'),
('D2304018', '2023-04-04', 11, 1, '0.11'),
('D2304019', '2023-04-04', 6, 1, '0.15'),
('D2304020', '2023-04-04', 6, 1, '0.11'),
('D2304021', '2023-04-04', 6, 1, '0.15'),
('D2304022', '2023-04-04', 6, 1, '0.15'),
('D2304023', '2023-04-04', 6, 2, '0.15'),
('D2304024', '2023-04-04', 6, 0, ''),
('D2304025', '2023-04-04', 6, 1, '0.08'),
('D2304026', '2023-04-04', 6, 2, '0.19'),
('D2304027', '2023-04-04', 6, 0, ''),
('D2304030', '2023-04-04', 6, 1, '0.6'),
('D2304031', '2023-04-04', 6, 1, '0.58'),
('D2304032', '2023-04-04', 6, 2, '0.3'),
('D2304033', '2023-04-04', 6, 2, '0.15'),
('D2304034', '2023-04-04', 6, 2, '0.19'),
('D2304035', '2023-04-04', 6, 1, '0.58'),
('D2304036', '2023-04-04', 6, 1, '0.15'),
('D2304038', '2023-04-04', 6, 1, '0.24'),
('D2304039', '2023-04-04', 6, 1, '0.21'),
('D2304040', '2023-04-04', 6, 2, '0.3'),
('D2304041', '2023-04-04', 6, 1, '0.15'),
('D2304042', '2023-04-04', 6, 1, '0.11'),
('D2304043', '2023-04-04', 6, 2, '0.1'),
('D2304050', '2023-04-05', 6, 0, ''),
('D2304051', '2023-04-05', 6, 1, '0.08'),
('D2304052', '2023-04-05', 6, 1, '0.58'),
('D2304053', '2023-04-05', 6, 1, '0.58'),
('D2304056', '2023-04-05', 6, 2, '0.1'),
('D2304058', '2023-04-05', 6, 1, '0.58'),
('D2304059', '2023-04-08', 6, 1, '0.58'),
('D2304060', '2023-04-09', 6, 1, '0.15'),
('D2304061', '2023-04-09', 6, 1, '0.58'),
('D2304062', '2023-04-09', 6, 1, '0.58'),
('D2304064', '2023-04-09', 6, 1, '0.08'),
('D2304065', '2023-04-09', 6, 1, '0.58'),
('D2304066', '2023-04-09', 6, 0, ''),
('D2304067', '2023-04-09', 6, 1, '0.08'),
('D2304068', '2023-04-09', 6, 0, ''),
('D2304069', '2023-04-09', 6, 0, ''),
('D2304070', '2023-04-09', 6, 0, ''),
('D2304071', '2023-04-09', 6, 1, '0.58'),
('D2304072', '2023-04-09', 6, 0, ''),
('D2304073', '2023-04-09', 6, 1, '0.58'),
('D2304074', '2023-04-09', 6, 1, '0.58'),
('D2304075', '2023-04-09', 6, 1, '0.58'),
('D2304076', '2023-04-09', 6, 2, '0.1'),
('D2304077', '2023-04-09', 6, 1, '0.08'),
('D2304078', '2023-04-09', 6, 1, '0.15'),
('D2304079', '2023-04-09', 6, 2, '0.1'),
('D2304080', '2023-04-09', 6, 2, '0.19'),
('D2304081', '2023-04-09', 6, 1, '0.11'),
('D2304082', '2023-04-09', 6, 0, ''),
('D2304083', '2023-04-09', 6, 1, '0.11'),
('D2304085', '2023-04-09', 6, 2, '0.1'),
('D2304086', '2023-04-09', 6, 1, '0.04'),
('D2304087', '2023-04-09', 6, 2, '0.1'),
('D2304088', '2023-04-09', 6, 1, '0.58'),
('D2304089', '2023-04-09', 6, 1, '0.04'),
('D2304090', '2023-04-09', 6, 2, '0.1'),
('D2304091', '2023-04-09', 6, 2, '0.19'),
('D2304093', '2023-04-09', 6, 1, '0.58'),
('D2304094', '2023-04-09', 10, 1, '0.11'),
('D2304095', '2023-04-09', 10, 2, '0.23'),
('D2304096', '2023-04-09', 10, 2, '0.31'),
('D2304097', '2023-04-09', 10, 1, '0.24'),
('D2304098', '2023-04-09', 10, 1, '0.27'),
('D2304099', '2023-04-09', 10, 1, '0.24'),
('D2304100', '2023-04-09', 10, 2, '0.37'),
('D2304101', '2023-04-09', 10, 1, '0.15'),
('D2304102', '2023-04-09', 10, 1, '0.35'),
('D2304103', '2023-04-09', 6, 1, '0.35'),
('D2304104', '2023-04-09', 6, 1, '0.35'),
('D2304105', '2023-04-09', 10, 1, '0.35'),
('D2304106', '2023-04-09', 10, 2, '0.31'),
('D2304107', '2023-04-09', 10, 1, '0.58'),
('D2304108', '2023-04-09', 10, 2, '0.19'),
('D2304109', '2023-04-09', 10, 1, '0.11'),
('D2304110', '2023-04-09', 10, 1, '0.3'),
('D2304111', '2023-04-09', 10, 1, '0.08'),
('D2304112', '2023-04-10', 10, 2, '0.27'),
('D2304113', '2023-04-10', 10, 1, '0.58'),
('D2304114', '2023-04-10', 10, 1, '0.08'),
('D2304115', '2023-04-10', 10, 1, '0.14'),
('D2304116', '2023-04-10', 10, 1, '0.33'),
('D2304117', '2023-04-10', 6, 2, '0.05'),
('D2304118', '2023-04-10', 6, 2, '0.05'),
('D2304119', '2023-04-10', 6, 2, '0.23'),
('D2304120', '2023-04-10', 6, 2, '0.38'),
('D2304121', '2023-04-10', 6, 2, '0.05'),
('D2304122', '2023-04-10', 6, 1, '0.58'),
('D2304123', '2023-04-10', 6, 1, '0.35'),
('D2304124', '2023-04-10', 12, 1, '0.88'),
('D2304125', '2023-04-10', 12, 2, '0.6'),
('D2304126', '2023-04-10', 12, 1, '0.64'),
('D2304127', '2023-04-10', 12, 2, '0.6'),
('D2304128', '2023-04-10', 12, 1, '0.25'),
('D2304129', '2023-04-10', 12, 1, '0.3'),
('D2304130', '2023-04-10', 12, 1, '0.22'),
('D2304131', '2023-04-10', 12, 1, '0.04'),
('D2304132', '2023-04-10', 12, 2, '0.05'),
('D2304133', '2023-04-10', 12, 2, '0.09'),
('D2304134', '2023-04-10', 12, 2, '0.09'),
('D2304135', '2023-04-10', 12, 2, '0.09'),
('D2304136', '2023-04-10', 12, 2, '0.09'),
('D2304137', '2023-04-10', 12, 2, '0.17'),
('D2304138', '2023-04-10', 12, 2, '0.13'),
('D2304139', '2023-04-10', 12, 1, '0.12'),
('D2304140', '2023-04-10', 12, 2, '0.13'),
('D2304141', '2023-04-10', 12, 0, ''),
('D2304142', '2023-04-10', 12, 1, '0.12'),
('D2304143', '2023-04-10', 12, 1, '0.12'),
('D2304144', '2023-04-10', 12, 1, '0.12'),
('D2304145', '2023-04-12', 12, 1, '0.04'),
('D2304146', '2023-04-13', 6, 2, '0.35'),
('D2304147', '2023-04-13', 6, 1, '0.34'),
('D2304148', '2023-04-13', 6, 1, '0.12'),
('D2304149', '2023-04-13', 6, 1, '0.12'),
('D2304150', '2023-04-13', 6, 2, '0.09'),
('D2304151', '2023-04-14', 12, 1, '0.22'),
('D2304152', '2023-04-14', 12, 1, '0.37'),
('D2304153', '2023-04-14', 12, 1, '0.25'),
('D2304154', '2023-04-14', 12, 1, '0.25'),
('D2304155', '2023-04-14', 12, 1, '0.22'),
('D2304157', '2023-04-14', 12, 2, '0.21'),
('D2304158', '2023-04-14', 12, 1, '0.29'),
('D2304159', '2023-04-14', 12, 1, '0.28'),
('D2304160', '2023-04-14', 12, 2, '0.21'),
('D2304161', '2023-04-14', 12, 2, '0.24'),
('D2304162', '2023-04-14', 12, 2, '0.17'),
('D2304163', '2023-04-14', 12, 1, '0.19'),
('D2304164', '2023-04-14', 12, 2, '0.17'),
('D2304165', '2023-04-14', 12, 2, '0.31'),
('D2304166', '2023-04-14', 12, 2, '0.38'),
('D2304167', '2023-04-14', 13, 1, '0.12'),
('D2304168', '2023-04-14', 13, 2, '0.17'),
('D2304169', '2023-04-14', 13, 1, '0.19'),
('D2304170', '2023-04-14', 13, 1, '0.15'),
('D2304171', '2023-04-14', 13, 1, '0.15'),
('D2304172', '2023-04-14', 13, 1, '0.19'),
('D2304173', '2023-04-14', 13, 1, '0.04'),
('D2304174', '2023-04-14', 13, 1, '0.19'),
('D2304175', '2023-04-14', 13, 2, '0.09'),
('D2304176', '2023-04-14', 13, 1, '0.12'),
('D2304177', '2023-04-14', 13, 1, '0.15'),
('D2304178', '2023-04-14', 13, 2, '0.13'),
('D2304179', '2023-04-14', 13, 1, '0.22'),
('D2304180', '2023-04-14', 13, 2, '0.17'),
('D2304181', '2023-04-14', 13, 2, '0.29'),
('D2304182', '2023-04-14', 13, 2, '0.29'),
('D2304183', '2023-04-14', 13, 1, '0.15'),
('D2304184', '2023-04-14', 13, 2, '0.17'),
('D2304185', '2023-04-14', 13, 2, '0.28'),
('D2304186', '2023-04-14', 13, 2, '0.44'),
('D2304187', '2023-04-16', 6, 1, '0.12'),
('D2304188', '2023-04-16', 6, 2, '0.05'),
('D2304189', '2023-04-16', 6, 2, '0.05'),
('D2304190', '2023-04-16', 6, 1, '0.12'),
('D2304191', '2023-04-16', 6, 2, '0.05'),
('D2304192', '2023-04-16', 6, 1, '0.08'),
('D2304193', '2023-04-16', 6, 1, '0.08'),
('D2304194', '2023-04-16', 6, 2, '0.09'),
('D2304195', '2023-04-16', 6, 2, '0.09'),
('D2304196', '2023-04-16', 6, 1, '0.04'),
('D2304197', '2023-04-16', 6, 2, '0.05'),
('D2304198', '2023-04-16', 6, 2, '0.05'),
('D2304199', '2023-04-16', 6, 1, '0.08'),
('D2304200', '2023-04-16', 6, 2, '0.09'),
('D2304201', '2023-04-16', 6, 1, '0.04'),
('D2304202', '2023-04-16', 6, 1, '0.04'),
('D2304203', '2023-04-16', 6, 2, '0.09'),
('D2304204', '2023-04-16', 6, 2, '0.05'),
('D2304205', '2023-04-16', 6, 2, '0.05'),
('D2304206', '2023-04-16', 6, 1, '0.04'),
('D2304207', '2023-04-16', 6, 1, '0.3'),
('D2304208', '2023-04-27', 12, 1, '0.22'),
('D2304209', '2023-04-27', 12, 1, '0.37'),
('D2304210', '2023-04-27', 12, 1, '0.25'),
('D2304211', '2023-04-27', 12, 1, '0.25'),
('D2304212', '2023-04-27', 12, 1, '0.22'),
('D2304213', '2023-04-27', 12, 2, '0.21'),
('D2304214', '2023-04-27', 12, 2, '0.24'),
('D2304215', '2023-04-27', 12, 2, '0.17'),
('D2304216', '2023-04-27', 12, 2, '0.31'),
('D2304217', '2023-04-27', 12, 2, '0.38'),
('D2304218', '2023-04-27', 13, 1, '0.15'),
('D2304219', '2023-04-27', 13, 1, '0.15'),
('D2304220', '2023-04-27', 13, 1, '0.04'),
('D2304221', '2023-04-27', 13, 2, '0.09'),
('D2304222', '2023-04-27', 13, 1, '0.12'),
('D2304223', '2023-04-27', 13, 1, '0.15'),
('D2304224', '2023-04-27', 13, 1, '0.22'),
('D2304225', '2023-04-27', 13, 2, '0.17'),
('D2304226', '2023-04-27', 13, 2, '0.29'),
('D2304227', '2023-04-27', 13, 1, '0.15'),
('D2304228', '2023-04-27', 13, 2, '0.17'),
('D2304229', '2023-04-27', 13, 2, '0.29'),
('D2304230', '2023-04-27', 13, 2, '0.28'),
('D2304231', '2023-04-27', 13, 2, '0.44'),
('D2305001', '2023-05-24', 12, 2, '0.05'),
('D2305002', '2023-05-24', 12, 1, '0.12'),
('D2305003', '2023-05-24', 12, 1, '0.12'),
('D2305006', '2023-05-24', 12, 1, '0.15'),
('D2305007', '2023-05-24', 12, 1, '0.12');

-- --------------------------------------------------------

--
-- Table structure for table `tbfaktorlain`
--

CREATE TABLE `tbfaktorlain` (
  `id_faktorlain` int(11) NOT NULL,
  `nama_faktorlain` text NOT NULL
) ENGINE=InnoDB DEFAULT CHARSET=latin1;

--
-- Dumping data for table `tbfaktorlain`
--

INSERT INTO `tbfaktorlain` (`id_faktorlain`, `nama_faktorlain`) VALUES
(1, 'Mempunyai riwayat penyakit hepatitis'),
(2, 'Memiliki kebiasaan meminum minuman beralkohol'),
(3, 'Mempunyai riwayat sakit kuning sebelumnya'),
(4, 'Keluarga mempunyai riwayat penyakit hepatitis'),
(5, 'Penderita diabetes'),
(6, 'Keluarga mempunyai riwayat sakit kuning'),
(7, 'Orang di sekitar tempat tinggal mempunyai riwayat penyakit hepatitis'),
(8, 'Mempunyai riwayat kelainan darah'),
(9, 'Orang di sekitar tempat tinggal mempunyai riwayat sakit kuning'),
(10, 'Memiliki kebiasaan/belum lama ini memakan daging mentah atau kurang masak'),
(11, 'Memiliki kebiasaan/belum lama ini Makan makanan kurang bersih'),
(12, 'Tinggal di lingkungan kurang bersih atau kumuh'),
(13, 'Bekerja ditempat yang kurang bersih'),
(14, 'Belum lama ini menerima donor darah'),
(15, 'Luka pernah terkena darah orang lain'),
(16, 'Pernah terkena cairan tubuh orang lain (seperti keringat, darah, dsb)'),
(17, 'Sering menggunakan barang pribadi orang lain (seperti sikat gigi, pakaian, alat makan, alat cukur, dan sebagainya) atau sebaliknya'),
(18, 'Pengguna narkoba suntik ataupun diminum'),
(19, 'Sering bergonta-ganti pasangan seksual'),
(20, 'Pasien hemodialisa'),
(21, 'Bekerja sebagai dokter atau pekerja Kesehatan'),
(22, 'Bekerja sebagai altet'),
(23, 'Bekerja dibidang yang berkaitan dengan tinja manusia'),
(24, 'Tinggal di asrama'),
(25, 'Tinggal di rumah'),
(26, 'Tinggal bersama keluarga'),
(27, 'Tinggal bersama teman/orang lain'),
(28, 'Tinggal sendirian'),
(29, 'Belum lama ini (sekitar 1-4 minggu) melakukan aktifitas berkelompok'),
(30, 'Memiliki riwayat fatty liver atau pembengkakan hati'),
(31, 'Penderita hipertensi'),
(33, 'tidak ada riwayat imunisasi hepatitis/ imunisasi hepatitis tdk lengkap'),
(34, 'pasien penderita HIV');

-- --------------------------------------------------------

--
-- Table structure for table `tbgejala`
--

CREATE TABLE `tbgejala` (
  `id_gejala` int(10) NOT NULL,
  `nama_gejala` varchar(500) NOT NULL
) ENGINE=InnoDB DEFAULT CHARSET=latin1;

--
-- Dumping data for table `tbgejala`
--

INSERT INTO `tbgejala` (`id_gejala`, `nama_gejala`) VALUES
(1, 'Mudah lelah'),
(2, 'Mual'),
(3, 'Muntah - muntah'),
(4, 'Flu'),
(5, 'Nyeri Perut'),
(6, 'Nyeri Perut bagian kanan atas (ataupun hingga tembus belakang)'),
(7, 'Diare'),
(8, 'Kulit, kuku, dan bagian putih mata menguning'),
(9, 'Kehilangan selera makan'),
(10, 'Urine berwana gelap/keruh'),
(11, 'Demam'),
(12, 'Sakit tenggorokan'),
(13, 'Nyeri sendi'),
(14, 'Nyeri tulang dan otot'),
(15, 'Kotoran berwarna keputihan/pucat'),
(16, 'Kulit gatal-gatal'),
(17, 'Sakit kepala'),
(18, 'Badan Pegal-pegal'),
(19, 'Perut membesar'),
(20, 'Telapak tangan memerah'),
(21, 'Timbul pembuluh darah pada perut'),
(22, 'Ulu hati terasa sakit/tidak enak'),
(23, 'Lemas'),
(24, 'Mudah mengantuk'),
(25, 'Kesadaran menurun'),
(26, 'Mudah pecah pembulu darah'),
(27, 'Batuk-batuk'),
(28, 'Pucat');

-- --------------------------------------------------------

--
-- Table structure for table `tbhasil`
--

CREATE TABLE `tbhasil` (
  `id_hasil` int(10) NOT NULL,
  `id_diagnosa` varchar(10) NOT NULL,
  `id_penyakit` int(10) NOT NULL,
  `hasil` float NOT NULL
) ENGINE=InnoDB DEFAULT CHARSET=latin1;

--
-- Dumping data for table `tbhasil`
--

INSERT INTO `tbhasil` (`id_hasil`, `id_diagnosa`, `id_penyakit`, `hasil`) VALUES
(1, 'D2212001', 1, 0.17),
(2, 'D2212002', 1, 0.17),
(3, 'D2212003', 1, 0.13),
(4, 'D2212004', 1, 0.13),
(5, 'D2212005', 1, 0.1),
(6, 'D2212006', 1, 0.13),
(7, 'D2212007', 1, 0.13),
(8, 'D2212008', 1, 0.09),
(9, 'D2212009', 1, 0.24),
(10, 'D2212010', 1, 0.15),
(11, 'D2212011', 1, 0.17),
(12, 'D2212012', 1, 0.14),
(13, 'D2212013', 1, 0.14),
(14, 'D2212014', 1, 0.14),
(15, 'D2212015', 1, 0.14),
(16, 'D2212016', 1, 0.23),
(17, 'D2212016', 2, 0.2),
(18, 'D2212017', 1, 0.23),
(19, 'D2212017', 2, 0.2),
(20, 'D2212018', 1, 0.32),
(21, 'D2212018', 2, 0.54),
(22, 'D2212019', 1, 0.18),
(23, 'D2212019', 2, 0.13),
(24, 'D2212020', 1, 0.26),
(25, 'D2212020', 2, 0.27),
(26, 'D2212021', 1, 0.18),
(27, 'D2212021', 2, 0.17),
(28, 'D2212022', 1, 0.06),
(29, 'D2212022', 2, 0.05),
(30, 'D2212023', 1, 0.22),
(31, 'D2212023', 2, 0.14),
(32, 'D2212024', 1, 0.11),
(33, 'D2212024', 2, 0.15),
(34, 'D2212025', 1, 0.21),
(35, 'D2212025', 2, 0.14),
(36, 'D2212026', 1, 0.27),
(37, 'D2212026', 2, 0.3),
(38, 'D2212027', 1, 0.21),
(39, 'D2212027', 2, 0.14),
(40, 'D2212028', 1, 0.21),
(41, 'D2212028', 2, 0.14),
(42, 'D2212029', 1, 0.21),
(43, 'D2212029', 2, 0.23),
(44, 'D2302001', 1, 0.08),
(45, 'D2302001', 2, 0.1),
(46, 'D2304001', 1, 0.11),
(47, 'D2304001', 2, 0.1),
(48, 'D2304007', 1, 0.08),
(49, 'D2304007', 2, 0.05),
(50, 'D2304012', 1, 0.21),
(51, 'D2304012', 2, 0.14),
(52, 'D2304014', 1, 0.11),
(53, 'D2304014', 2, 0.15),
(54, 'D2304015', 1, 0.15),
(55, 'D2304015', 2, 0.1),
(56, 'D2304017', 1, 0.11),
(57, 'D2304018', 1, 0.11),
(58, 'D2304018', 2, 0.1),
(59, 'D2304019', 1, 0.15),
(60, 'D2304019', 2, 0.1),
(61, 'D2304020', 1, 0.11),
(62, 'D2304020', 2, 0.1),
(63, 'D2304021', 1, 0.15),
(64, 'D2304021', 2, 0.1),
(65, 'D2304022', 1, 0.15),
(66, 'D2304022', 2, 0.1),
(67, 'D2304023', 1, 0.11),
(68, 'D2304023', 2, 0.15),
(69, 'D2304025', 1, 0.08),
(70, 'D2304025', 2, 0.05),
(71, 'D2304026', 1, 0.18),
(72, 'D2304026', 2, 0.19),
(73, 'D2304030', 1, 0.6),
(74, 'D2304030', 2, 0.57),
(75, 'D2304031', 1, 0.58),
(76, 'D2304031', 2, 0.51),
(77, 'D2304032', 1, 0.27),
(78, 'D2304032', 2, 0.3),
(79, 'D2304033', 1, 0.11),
(80, 'D2304033', 2, 0.15),
(81, 'D2304034', 1, 0.15),
(82, 'D2304034', 2, 0.19),
(83, 'D2304035', 1, 0.58),
(84, 'D2304035', 2, 0.58),
(85, 'D2304036', 1, 0.15),
(86, 'D2304036', 2, 0.1),
(87, 'D2304038', 1, 0.24),
(88, 'D2304038', 2, 0.22),
(89, 'D2304039', 1, 0.21),
(90, 'D2304039', 2, 0.18),
(91, 'D2304040', 1, 0.27),
(92, 'D2304040', 2, 0.3),
(93, 'D2304041', 1, 0.15),
(94, 'D2304041', 2, 0.1),
(95, 'D2304042', 1, 0.11),
(96, 'D2304043', 1, 0.07),
(97, 'D2304043', 2, 0.1),
(98, 'D2304051', 1, 0.08),
(99, 'D2304051', 2, 0.05),
(100, 'D2304052', 1, 0.58),
(101, 'D2304052', 2, 0.54),
(102, 'D2304053', 1, 0.58),
(103, 'D2304053', 2, 0.58),
(104, 'D2304056', 1, 0.04),
(105, 'D2304056', 2, 0.1),
(106, 'D2304058', 1, 0.58),
(107, 'D2304058', 2, 0.58),
(108, 'D2304059', 1, 0.58),
(109, 'D2304059', 2, 0.58),
(110, 'D2304060', 1, 0.15),
(111, 'D2304060', 2, 0.14),
(112, 'D2304061', 1, 0.58),
(113, 'D2304061', 2, 0.58),
(114, 'D2304062', 1, 0.58),
(115, 'D2304062', 2, 0.58),
(116, 'D2304064', 1, 0.08),
(117, 'D2304064', 2, 0.05),
(118, 'D2304065', 1, 0.58),
(119, 'D2304065', 2, 0.58),
(120, 'D2304066', 1, 0.58),
(121, 'D2304066', 2, 0.58),
(122, 'D2304067', 1, 0.08),
(123, 'D2304067', 2, 0.05),
(124, 'D2304068', 1, 0.58),
(125, 'D2304068', 2, 0.58),
(126, 'D2304069', 1, 0.58),
(127, 'D2304069', 2, 0.58),
(128, 'D2304071', 1, 0.58),
(129, 'D2304071', 2, 0.58),
(130, 'D2304072', 1, 0.33),
(131, 'D2304072', 2, 0.29),
(132, 'D2304073', 1, 0.58),
(133, 'D2304073', 2, 0.58),
(134, 'D2304074', 1, 0.58),
(135, 'D2304074', 2, 0.58),
(136, 'D2304075', 1, 0.58),
(137, 'D2304075', 2, 0.58),
(138, 'D2304076', 1, 0.07),
(139, 'D2304076', 2, 0.1),
(140, 'D2304077', 1, 0.08),
(141, 'D2304077', 2, 0.05),
(142, 'D2304078', 1, 0.15),
(143, 'D2304078', 2, 0.14),
(144, 'D2304079', 1, 0.08),
(145, 'D2304079', 2, 0.1),
(146, 'D2304080', 1, 0.14),
(147, 'D2304080', 2, 0.19),
(148, 'D2304081', 1, 0.11),
(149, 'D2304081', 2, 0.1),
(150, 'D2304083', 1, 0.11),
(151, 'D2304083', 2, 0.1),
(152, 'D2304085', 1, 0.08),
(153, 'D2304085', 2, 0.1),
(154, 'D2304086', 1, 0.04),
(155, 'D2304087', 1, 0.07),
(156, 'D2304087', 2, 0.1),
(157, 'D2304088', 1, 0.58),
(158, 'D2304088', 2, 0.58),
(159, 'D2304089', 1, 0.04),
(160, 'D2304090', 1, 0.07),
(161, 'D2304090', 2, 0.1),
(162, 'D2304091', 1, 0.15),
(163, 'D2304091', 2, 0.19),
(164, 'D2304093', 1, 0.58),
(165, 'D2304093', 2, 0.58),
(166, 'D2304094', 1, 0.11),
(167, 'D2304094', 2, 0.1),
(168, 'D2304095', 1, 0.21),
(169, 'D2304095', 2, 0.23),
(170, 'D2304096', 1, 0.24),
(171, 'D2304096', 2, 0.31),
(172, 'D2304097', 1, 0.24),
(173, 'D2304097', 2, 0.22),
(174, 'D2304098', 1, 0.27),
(175, 'D2304098', 2, 0.26),
(176, 'D2304099', 1, 0.24),
(177, 'D2304099', 2, 0.18),
(178, 'D2304100', 1, 0.35),
(179, 'D2304100', 2, 0.37),
(180, 'D2304101', 1, 0.15),
(181, 'D2304101', 2, 0.14),
(182, 'D2304102', 1, 0.35),
(183, 'D2304102', 2, 0.24),
(184, 'D2304103', 1, 0.35),
(185, 'D2304103', 2, 0.33),
(186, 'D2304104', 1, 0.35),
(187, 'D2304104', 2, 0.24),
(188, 'D2304105', 1, 0.35),
(189, 'D2304105', 2, 0.24),
(190, 'D2304106', 1, 0.24),
(191, 'D2304106', 2, 0.31),
(192, 'D2304107', 1, 0.58),
(193, 'D2304107', 2, 0.58),
(194, 'D2304108', 1, 0.18),
(195, 'D2304108', 2, 0.19),
(196, 'D2304109', 1, 0.11),
(197, 'D2304109', 2, 0.1),
(198, 'D2304110', 1, 0.3),
(199, 'D2304110', 2, 0.21),
(200, 'D2304111', 1, 0.08),
(201, 'D2304111', 2, 0.05),
(202, 'D2304112', 1, 0.24),
(203, 'D2304112', 2, 0.27),
(204, 'D2304113', 1, 0.58),
(205, 'D2304113', 2, 0.58),
(206, 'D2304114', 1, 0.08),
(207, 'D2304114', 2, 0.05),
(208, 'D2304115', 1, 0.14),
(209, 'D2304115', 2, 0.14),
(210, 'D2304116', 1, 0.33),
(211, 'D2304116', 2, 0.25),
(212, 'D2304117', 1, 0.04),
(213, 'D2304117', 2, 0.05),
(214, 'D2304118', 1, 0.04),
(215, 'D2304118', 2, 0.05),
(216, 'D2304119', 1, 0.18),
(217, 'D2304119', 2, 0.23),
(218, 'D2304120', 1, 0.33),
(219, 'D2304120', 2, 0.38),
(220, 'D2304121', 1, 0.04),
(221, 'D2304121', 2, 0.05),
(222, 'D2304122', 1, 0.58),
(223, 'D2304122', 2, 0.58),
(224, 'D2304123', 1, 0.35),
(225, 'D2304123', 2, 0.24),
(226, 'D2304124', 1, 0.88),
(227, 'D2304124', 2, 0.78),
(228, 'D2304125', 1, 0.58),
(229, 'D2304125', 2, 0.6),
(230, 'D2304126', 1, 0.64),
(231, 'D2304126', 2, 0.51),
(232, 'D2304127', 1, 0.58),
(233, 'D2304127', 2, 0.6),
(234, 'D2304128', 1, 0.25),
(235, 'D2304128', 2, 0.24),
(236, 'D2304129', 1, 0.3),
(237, 'D2304129', 2, 0.3),
(238, 'D2304130', 1, 0.22),
(239, 'D2304130', 2, 0.04),
(240, 'D2304131', 1, 0.04),
(241, 'D2304132', 1, 0.04),
(242, 'D2304132', 2, 0.05),
(243, 'D2304133', 1, 0.08),
(244, 'D2304133', 2, 0.09),
(245, 'D2304134', 1, 0.08),
(246, 'D2304134', 2, 0.09),
(247, 'D2304135', 1, 0.08),
(248, 'D2304135', 2, 0.09),
(249, 'D2304136', 1, 0.08),
(250, 'D2304136', 2, 0.09),
(251, 'D2304137', 1, 0.15),
(252, 'D2304137', 2, 0.17),
(253, 'D2304138', 1, 0.04),
(254, 'D2304138', 2, 0.13),
(255, 'D2304139', 1, 0.12),
(256, 'D2304139', 2, 0.04),
(257, 'D2304140', 1, 0.12),
(258, 'D2304140', 2, 0.13),
(259, 'D2304142', 1, 0.12),
(260, 'D2304142', 2, 0.04),
(261, 'D2304143', 1, 0.12),
(262, 'D2304143', 2, 0.04),
(263, 'D2304144', 1, 0.12),
(264, 'D2304144', 2, 0.04),
(265, 'D2304145', 1, 0.04),
(266, 'D2304146', 1, 0.21),
(267, 'D2304146', 2, 0.35),
(268, 'D2304147', 1, 0.34),
(269, 'D2304148', 1, 0.12),
(270, 'D2304148', 2, 0.04),
(271, 'D2304149', 1, 0.12),
(272, 'D2304149', 2, 0.09),
(273, 'D2304150', 1, 0.08),
(274, 'D2304150', 2, 0.09),
(275, 'D2304151', 1, 0.22),
(276, 'D2304151', 2, 0.04),
(277, 'D2304152', 1, 0.37),
(278, 'D2304152', 2, 0.15),
(279, 'D2304153', 1, 0.25),
(280, 'D2304153', 2, 0.2),
(281, 'D2304154', 1, 0.25),
(282, 'D2304154', 2, 0.12),
(283, 'D2304155', 1, 0.22),
(284, 'D2304155', 2, 0.04),
(285, 'D2304157', 1, 0.19),
(286, 'D2304157', 2, 0.21),
(287, 'D2304158', 1, 0.29),
(288, 'D2304158', 2, 0.28),
(289, 'D2304159', 1, 0.28),
(290, 'D2304159', 2, 0.27),
(291, 'D2304160', 1, 0.15),
(292, 'D2304160', 2, 0.21),
(293, 'D2304161', 1, 0.18),
(294, 'D2304161', 2, 0.24),
(295, 'D2304162', 1, 0.15),
(296, 'D2304162', 2, 0.17),
(297, 'D2304163', 1, 0.19),
(298, 'D2304163', 2, 0.09),
(299, 'D2304164', 1, 0.11),
(300, 'D2304164', 2, 0.17),
(301, 'D2304165', 1, 0.21),
(302, 'D2304165', 2, 0.31),
(303, 'D2304166', 1, 0.24),
(304, 'D2304166', 2, 0.38),
(305, 'D2304167', 1, 0.12),
(306, 'D2304167', 2, 0.09),
(307, 'D2304168', 1, 0.15),
(308, 'D2304168', 2, 0.17),
(309, 'D2304169', 1, 0.19),
(310, 'D2304169', 2, 0.17),
(311, 'D2304170', 1, 0.15),
(312, 'D2304171', 1, 0.15),
(313, 'D2304171', 2, 0.04),
(314, 'D2304172', 1, 0.19),
(315, 'D2304172', 2, 0.17),
(316, 'D2304173', 1, 0.04),
(317, 'D2304174', 1, 0.19),
(318, 'D2304174', 2, 0.09),
(319, 'D2304175', 1, 0.08),
(320, 'D2304175', 2, 0.09),
(321, 'D2304176', 1, 0.12),
(322, 'D2304176', 2, 0.04),
(323, 'D2304177', 1, 0.15),
(324, 'D2304177', 2, 0.09),
(325, 'D2304178', 1, 0.12),
(326, 'D2304178', 2, 0.13),
(327, 'D2304179', 1, 0.22),
(328, 'D2304179', 2, 0.13),
(329, 'D2304180', 1, 0.11),
(330, 'D2304180', 2, 0.17),
(331, 'D2304181', 1, 0.11),
(332, 'D2304181', 2, 0.29),
(333, 'D2304182', 1, 0.11),
(334, 'D2304182', 2, 0.29),
(335, 'D2304183', 1, 0.15),
(336, 'D2304184', 2, 0.17),
(337, 'D2304185', 1, 0.14),
(338, 'D2304185', 2, 0.28),
(339, 'D2304186', 1, 0.23),
(340, 'D2304186', 2, 0.44),
(341, 'D2304187', 1, 0.12),
(342, 'D2304187', 2, 0.04),
(343, 'D2304188', 1, 0.04),
(344, 'D2304188', 2, 0.05),
(345, 'D2304189', 1, 0.04),
(346, 'D2304189', 2, 0.05),
(347, 'D2304190', 1, 0.12),
(348, 'D2304190', 2, 0.04),
(349, 'D2304191', 1, 0.04),
(350, 'D2304191', 2, 0.05),
(351, 'D2304192', 1, 0.08),
(352, 'D2304193', 1, 0.08),
(353, 'D2304193', 2, 0.05),
(354, 'D2304194', 2, 0.09),
(355, 'D2304195', 1, 0.08),
(356, 'D2304195', 2, 0.09),
(357, 'D2304196', 1, 0.04),
(358, 'D2304197', 1, 0.04),
(359, 'D2304197', 2, 0.05),
(360, 'D2304198', 1, 0.04),
(361, 'D2304198', 2, 0.05),
(362, 'D2304199', 1, 0.08),
(363, 'D2304200', 2, 0.09),
(364, 'D2304201', 1, 0.04),
(365, 'D2304202', 1, 0.04),
(366, 'D2304203', 2, 0.09),
(367, 'D2304204', 1, 0.04),
(368, 'D2304204', 2, 0.05),
(369, 'D2304205', 1, 0.04),
(370, 'D2304205', 2, 0.05),
(371, 'D2304206', 1, 0.04),
(372, 'D2304207', 1, 0.3),
(373, 'D2304207', 2, 0.3),
(374, 'D2304208', 1, 0.22),
(375, 'D2304208', 2, 0.04),
(376, 'D2304209', 1, 0.37),
(377, 'D2304209', 2, 0.15),
(378, 'D2304210', 1, 0.25),
(379, 'D2304210', 2, 0.2),
(380, 'D2304211', 1, 0.25),
(381, 'D2304211', 2, 0.12),
(382, 'D2304212', 1, 0.22),
(383, 'D2304212', 2, 0.04),
(384, 'D2304213', 1, 0.15),
(385, 'D2304213', 2, 0.21),
(386, 'D2304214', 1, 0.18),
(387, 'D2304214', 2, 0.24),
(388, 'D2304215', 1, 0.11),
(389, 'D2304215', 2, 0.17),
(390, 'D2304216', 1, 0.21),
(391, 'D2304216', 2, 0.31),
(392, 'D2304217', 1, 0.24),
(393, 'D2304217', 2, 0.38),
(394, 'D2304218', 1, 0.15),
(395, 'D2304219', 1, 0.15),
(396, 'D2304219', 2, 0.04),
(397, 'D2304220', 1, 0.04),
(398, 'D2304221', 1, 0.08),
(399, 'D2304221', 2, 0.09),
(400, 'D2304222', 1, 0.12),
(401, 'D2304222', 2, 0.04),
(402, 'D2304223', 1, 0.15),
(403, 'D2304223', 2, 0.09),
(404, 'D2304224', 1, 0.22),
(405, 'D2304224', 2, 0.13),
(406, 'D2304225', 1, 0.11),
(407, 'D2304225', 2, 0.17),
(408, 'D2304226', 1, 0.11),
(409, 'D2304226', 2, 0.29),
(410, 'D2304227', 1, 0.15),
(411, 'D2304228', 2, 0.17),
(412, 'D2304229', 1, 0.11),
(413, 'D2304229', 2, 0.29),
(414, 'D2304230', 1, 0.14),
(415, 'D2304230', 2, 0.28),
(416, 'D2304231', 1, 0.23),
(417, 'D2304231', 2, 0.44),
(418, 'D2305001', 1, 0.04),
(419, 'D2305001', 2, 0.05),
(420, 'D2305002', 1, 0.12),
(421, 'D2305002', 2, 0.09),
(422, 'D2305003', 1, 0.12),
(423, 'D2305006', 1, 0.15),
(424, 'D2305006', 2, 0.09),
(425, 'D2305007', 1, 0.12),
(426, 'D2305007', 2, 0.09);

-- --------------------------------------------------------

--
-- Table structure for table `tbhasil_diagnosa`
--

CREATE TABLE `tbhasil_diagnosa` (
  `id_hasil` int(10) NOT NULL,
  `id_diagnosa` varchar(10) NOT NULL,
  `id_penyakit` int(10) NOT NULL,
  `id_gejala` int(10) NOT NULL
) ENGINE=InnoDB DEFAULT CHARSET=latin1;

--
-- Dumping data for table `tbhasil_diagnosa`
--

INSERT INTO `tbhasil_diagnosa` (`id_hasil`, `id_diagnosa`, `id_penyakit`, `id_gejala`) VALUES
(1, 'D2212001', 1, 1),
(2, 'D2212001', 2, 1),
(3, 'D2212001', 1, 2),
(4, 'D2212001', 2, 2),
(5, 'D2212001', 1, 3),
(6, 'D2212001', 2, 3),
(7, 'D2212001', 1, 4),
(8, 'D2212001', 2, 4),
(9, 'D2212002', 1, 1),
(10, 'D2212002', 2, 1),
(11, 'D2212002', 1, 2),
(12, 'D2212002', 2, 2),
(13, 'D2212002', 1, 3),
(14, 'D2212002', 2, 3),
(15, 'D2212002', 1, 4),
(16, 'D2212002', 2, 4),
(17, 'D2212003', 1, 1),
(18, 'D2212003', 2, 1),
(19, 'D2212003', 1, 2),
(20, 'D2212003', 2, 2),
(21, 'D2212003', 1, 3),
(22, 'D2212003', 2, 3),
(23, 'D2212004', 1, 1),
(24, 'D2212004', 2, 1),
(25, 'D2212004', 1, 2),
(26, 'D2212004', 2, 2),
(27, 'D2212004', 1, 3),
(28, 'D2212004', 2, 3),
(29, 'D2212006', 1, 1),
(30, 'D2212006', 2, 1),
(31, 'D2212006', 1, 2),
(32, 'D2212006', 2, 2),
(33, 'D2212006', 1, 3),
(34, 'D2212006', 2, 3),
(35, 'D2212007', 1, 1),
(36, 'D2212007', 2, 1),
(37, 'D2212007', 1, 2),
(38, 'D2212007', 2, 2),
(39, 'D2212007', 1, 3),
(40, 'D2212007', 2, 3),
(41, 'D2212008', 1, 1),
(42, 'D2212008', 2, 1),
(43, 'D2212008', 1, 7),
(44, 'D2212008', 2, 7),
(45, 'D2212008', 1, 15),
(46, 'D2212009', 1, 1),
(47, 'D2212009', 2, 1),
(48, 'D2212009', 1, 2),
(49, 'D2212009', 2, 2),
(50, 'D2212009', 1, 3),
(51, 'D2212009', 2, 3),
(52, 'D2212009', 1, 4),
(53, 'D2212009', 2, 4),
(54, 'D2212009', 1, 8),
(55, 'D2212009', 1, 9),
(56, 'D2212009', 2, 9),
(57, 'D2212009', 1, 19),
(58, 'D2212009', 2, 19),
(59, 'D2212010', 1, 5),
(60, 'D2212010', 2, 5),
(61, 'D2212010', 2, 6),
(62, 'D2212010', 1, 7),
(63, 'D2212010', 2, 7),
(64, 'D2212010', 1, 8),
(65, 'D2212010', 1, 5),
(66, 'D2212010', 2, 5),
(67, 'D2212010', 2, 6),
(68, 'D2212010', 1, 7),
(69, 'D2212010', 2, 7),
(70, 'D2212010', 1, 8),
(71, 'D2212010', 1, 5),
(72, 'D2212010', 2, 5),
(73, 'D2212010', 2, 6),
(74, 'D2212010', 1, 7),
(75, 'D2212010', 2, 7),
(76, 'D2212010', 1, 8),
(77, 'D2212011', 1, 1),
(78, 'D2212011', 2, 1),
(79, 'D2212011', 1, 2),
(80, 'D2212011', 2, 2),
(81, 'D2212011', 1, 3),
(82, 'D2212011', 2, 3),
(83, 'D2212011', 1, 4),
(84, 'D2212011', 2, 4),
(85, 'D2212012', 1, 5),
(86, 'D2212012', 2, 5),
(87, 'D2212012', 2, 6),
(88, 'D2212012', 1, 7),
(89, 'D2212012', 2, 7),
(90, 'D2212012', 1, 8),
(91, 'D2212013', 1, 5),
(92, 'D2212013', 2, 5),
(93, 'D2212013', 2, 6),
(94, 'D2212013', 1, 7),
(95, 'D2212013', 2, 7),
(96, 'D2212013', 1, 8),
(97, 'D2212014', 1, 5),
(98, 'D2212014', 2, 5),
(99, 'D2212014', 2, 6),
(100, 'D2212014', 1, 7),
(101, 'D2212014', 2, 7),
(102, 'D2212014', 1, 8),
(103, 'D2212015', 1, 5),
(104, 'D2212015', 2, 5),
(105, 'D2212015', 2, 6),
(106, 'D2212015', 1, 7),
(107, 'D2212015', 2, 7),
(108, 'D2212015', 1, 8),
(109, 'D2212016', 1, 5),
(110, 'D2212016', 2, 5),
(111, 'D2212016', 2, 6),
(112, 'D2212016', 1, 7),
(113, 'D2212016', 2, 7),
(114, 'D2212016', 1, 8),
(115, 'D2212017', 1, 5),
(116, 'D2212017', 2, 5),
(117, 'D2212017', 2, 6),
(118, 'D2212017', 1, 7),
(119, 'D2212017', 2, 7),
(120, 'D2212017', 1, 8),
(121, 'D2212018', 1, 1),
(122, 'D2212018', 2, 1),
(123, 'D2212018', 1, 2),
(124, 'D2212018', 2, 2),
(125, 'D2212018', 1, 3),
(126, 'D2212018', 2, 3),
(127, 'D2212018', 1, 4),
(128, 'D2212018', 2, 4),
(129, 'D2212018', 1, 5),
(130, 'D2212018', 2, 5),
(131, 'D2212018', 2, 6),
(132, 'D2212018', 1, 7),
(133, 'D2212018', 2, 7),
(134, 'D2212019', 1, 1),
(135, 'D2212019', 2, 1),
(136, 'D2212019', 1, 2),
(137, 'D2212019', 2, 2),
(138, 'D2212019', 1, 3),
(139, 'D2212019', 2, 3),
(140, 'D2212020', 1, 11),
(141, 'D2212020', 2, 11),
(142, 'D2212020', 1, 12),
(143, 'D2212020', 2, 12),
(144, 'D2212020', 1, 13),
(145, 'D2212020', 2, 13),
(146, 'D2212020', 1, 17),
(147, 'D2212021', 1, 1),
(148, 'D2212021', 2, 1),
(149, 'D2212021', 1, 2),
(150, 'D2212021', 2, 2),
(151, 'D2212021', 1, 3),
(152, 'D2212021', 2, 3),
(153, 'D2212021', 1, 1),
(154, 'D2212021', 2, 1),
(155, 'D2212021', 1, 2),
(156, 'D2212021', 2, 2),
(157, 'D2212021', 1, 3),
(158, 'D2212021', 2, 3),
(159, 'D2212022', 1, 1),
(160, 'D2212022', 2, 1),
(161, 'D2212023', 1, 1),
(162, 'D2212023', 2, 1),
(163, 'D2212023', 1, 2),
(164, 'D2212023', 2, 2),
(165, 'D2212023', 1, 3),
(166, 'D2212023', 2, 3),
(167, 'D2212024', 1, 1),
(168, 'D2212024', 2, 1),
(169, 'D2212024', 1, 2),
(170, 'D2212024', 2, 2),
(171, 'D2212025', 1, 1),
(172, 'D2212025', 2, 1),
(173, 'D2212025', 1, 2),
(174, 'D2212025', 2, 2),
(175, 'D2212025', 1, 3),
(176, 'D2212025', 2, 3),
(177, 'D2212026', 1, 1),
(178, 'D2212026', 2, 1),
(179, 'D2212026', 1, 2),
(180, 'D2212026', 2, 2),
(181, 'D2212026', 1, 3),
(182, 'D2212026', 2, 3),
(183, 'D2212026', 1, 5),
(184, 'D2212026', 2, 5),
(185, 'D2212026', 1, 8),
(186, 'D2212026', 1, 10),
(187, 'D2212026', 2, 10),
(188, 'D2212027', 1, 1),
(189, 'D2212027', 2, 1),
(190, 'D2212027', 1, 2),
(191, 'D2212027', 2, 2),
(192, 'D2212027', 1, 3),
(193, 'D2212027', 2, 3),
(194, 'D2212028', 1, 1),
(195, 'D2212028', 2, 1),
(196, 'D2212028', 1, 2),
(197, 'D2212028', 2, 2),
(198, 'D2212028', 1, 3),
(199, 'D2212028', 2, 3),
(200, 'D2212029', 1, 1),
(201, 'D2212029', 2, 1),
(202, 'D2212029', 1, 2),
(203, 'D2212029', 2, 2),
(204, 'D2212029', 1, 6),
(205, 'D2212029', 2, 6),
(206, 'D2212029', 1, 8),
(207, 'D2212029', 1, 9),
(208, 'D2212029', 2, 9),
(209, 'D2302001', 1, 6),
(210, 'D2302001', 2, 6),
(211, 'D2304001', 1, 1),
(212, 'D2304001', 2, 1),
(213, 'D2304001', 1, 2),
(214, 'D2304001', 2, 2),
(215, 'D2304007', 1, 1),
(216, 'D2304007', 2, 1),
(217, 'D2304012', 1, 1),
(218, 'D2304012', 2, 1),
(219, 'D2304012', 1, 2),
(220, 'D2304012', 2, 2),
(221, 'D2304012', 1, 21),
(222, 'D2304012', 2, 21),
(223, 'D2304014', 1, 2),
(224, 'D2304014', 2, 2),
(225, 'D2304014', 1, 3),
(226, 'D2304014', 2, 3),
(227, 'D2304015', 1, 1),
(228, 'D2304015', 2, 1),
(229, 'D2304015', 1, 2),
(230, 'D2304015', 2, 2),
(231, 'D2304017', 1, 8),
(232, 'D2304018', 1, 13),
(233, 'D2304018', 2, 13),
(234, 'D2304018', 1, 14),
(235, 'D2304018', 2, 14),
(236, 'D2304019', 1, 1),
(237, 'D2304019', 2, 1),
(238, 'D2304019', 1, 2),
(239, 'D2304019', 2, 2),
(240, 'D2304020', 1, 1),
(241, 'D2304020', 2, 1),
(242, 'D2304020', 1, 2),
(243, 'D2304020', 2, 2),
(244, 'D2304021', 1, 1),
(245, 'D2304021', 2, 1),
(246, 'D2304021', 1, 2),
(247, 'D2304021', 2, 2),
(248, 'D2304022', 1, 1),
(249, 'D2304022', 2, 1),
(250, 'D2304022', 1, 2),
(251, 'D2304022', 2, 2),
(252, 'D2304023', 1, 2),
(253, 'D2304023', 2, 2),
(254, 'D2304025', 1, 4),
(255, 'D2304025', 2, 4),
(256, 'D2304026', 1, 1),
(257, 'D2304026', 2, 1),
(258, 'D2304026', 1, 2),
(259, 'D2304026', 2, 2),
(260, 'D2304026', 1, 3),
(261, 'D2304026', 2, 3),
(262, 'D2304026', 1, 4),
(263, 'D2304026', 2, 4),
(264, 'D2304030', 1, 1),
(265, 'D2304030', 2, 1),
(266, 'D2304030', 1, 2),
(267, 'D2304030', 2, 2),
(268, 'D2304030', 1, 3),
(269, 'D2304030', 2, 3),
(270, 'D2304030', 1, 4),
(271, 'D2304030', 2, 4),
(272, 'D2304030', 1, 5),
(273, 'D2304030', 2, 5),
(274, 'D2304030', 1, 6),
(275, 'D2304030', 2, 6),
(276, 'D2304030', 1, 7),
(277, 'D2304030', 2, 7),
(278, 'D2304030', 1, 8),
(279, 'D2304030', 1, 9),
(280, 'D2304030', 2, 9),
(281, 'D2304030', 1, 10),
(282, 'D2304030', 2, 10),
(283, 'D2304030', 1, 11),
(284, 'D2304030', 2, 11),
(285, 'D2304030', 1, 12),
(286, 'D2304030', 2, 12),
(287, 'D2304030', 1, 13),
(288, 'D2304030', 2, 13),
(289, 'D2304030', 1, 14),
(290, 'D2304030', 2, 14),
(291, 'D2304030', 1, 15),
(292, 'D2304030', 1, 16),
(293, 'D2304030', 2, 16),
(294, 'D2304030', 1, 17),
(295, 'D2304030', 1, 18),
(296, 'D2304030', 1, 19),
(297, 'D2304030', 2, 19),
(298, 'D2304030', 1, 20),
(299, 'D2304030', 2, 20),
(300, 'D2304030', 1, 21),
(301, 'D2304030', 2, 21),
(302, 'D2304031', 1, 1),
(303, 'D2304031', 2, 1),
(304, 'D2304031', 1, 2),
(305, 'D2304031', 2, 2),
(306, 'D2304031', 1, 3),
(307, 'D2304031', 2, 3),
(308, 'D2304031', 1, 4),
(309, 'D2304031', 2, 4),
(310, 'D2304031', 1, 5),
(311, 'D2304031', 2, 5),
(312, 'D2304031', 1, 6),
(313, 'D2304031', 2, 6),
(314, 'D2304031', 1, 7),
(315, 'D2304031', 2, 7),
(316, 'D2304031', 1, 8),
(317, 'D2304031', 1, 9),
(318, 'D2304031', 2, 9),
(319, 'D2304031', 1, 10),
(320, 'D2304031', 2, 10),
(321, 'D2304032', 1, 2),
(322, 'D2304032', 2, 2),
(323, 'D2304032', 1, 3),
(324, 'D2304032', 2, 3),
(325, 'D2304032', 1, 4),
(326, 'D2304032', 2, 4),
(327, 'D2304032', 1, 5),
(328, 'D2304032', 2, 5),
(329, 'D2304033', 1, 2),
(330, 'D2304033', 2, 2),
(331, 'D2304033', 1, 3),
(332, 'D2304033', 2, 3),
(333, 'D2304034', 1, 2),
(334, 'D2304034', 2, 2),
(335, 'D2304034', 1, 3),
(336, 'D2304034', 2, 3),
(337, 'D2304035', 1, 1),
(338, 'D2304035', 2, 1),
(339, 'D2304035', 1, 2),
(340, 'D2304035', 2, 2),
(341, 'D2304035', 1, 3),
(342, 'D2304035', 2, 3),
(343, 'D2304035', 1, 4),
(344, 'D2304035', 2, 4),
(345, 'D2304035', 1, 5),
(346, 'D2304035', 2, 5),
(347, 'D2304035', 1, 6),
(348, 'D2304035', 2, 6),
(349, 'D2304035', 1, 7),
(350, 'D2304035', 2, 7),
(351, 'D2304035', 1, 8),
(352, 'D2304035', 1, 9),
(353, 'D2304035', 2, 9),
(354, 'D2304035', 1, 10),
(355, 'D2304035', 2, 10),
(356, 'D2304035', 1, 11),
(357, 'D2304035', 2, 11),
(358, 'D2304035', 1, 12),
(359, 'D2304035', 2, 12),
(360, 'D2304035', 1, 13),
(361, 'D2304035', 2, 13),
(362, 'D2304035', 1, 14),
(363, 'D2304035', 2, 14),
(364, 'D2304035', 1, 15),
(365, 'D2304035', 1, 16),
(366, 'D2304035', 2, 16),
(367, 'D2304035', 1, 17),
(368, 'D2304035', 1, 18),
(369, 'D2304035', 1, 19),
(370, 'D2304035', 2, 19),
(371, 'D2304035', 1, 20),
(372, 'D2304035', 2, 20),
(373, 'D2304036', 1, 15),
(374, 'D2304036', 1, 16),
(375, 'D2304036', 2, 16),
(376, 'D2304038', 1, 14),
(377, 'D2304038', 2, 14),
(378, 'D2304038', 1, 17),
(379, 'D2304038', 1, 18),
(380, 'D2304039', 1, 1),
(381, 'D2304039', 2, 1),
(382, 'D2304039', 1, 2),
(383, 'D2304039', 2, 2),
(384, 'D2304039', 1, 3),
(385, 'D2304039', 2, 3),
(386, 'D2304039', 1, 8),
(387, 'D2304039', 1, 10),
(388, 'D2304039', 2, 10),
(389, 'D2304040', 1, 1),
(390, 'D2304040', 2, 1),
(391, 'D2304040', 1, 2),
(392, 'D2304040', 2, 2),
(393, 'D2304040', 1, 3),
(394, 'D2304040', 2, 3),
(395, 'D2304040', 1, 10),
(396, 'D2304040', 2, 10),
(397, 'D2304040', 1, 11),
(398, 'D2304040', 2, 11),
(399, 'D2304040', 1, 15),
(400, 'D2304041', 1, 3),
(401, 'D2304041', 2, 3),
(402, 'D2304041', 1, 4),
(403, 'D2304041', 2, 4),
(404, 'D2304042', 1, 8),
(405, 'D2304042', 1, 15),
(406, 'D2304043', 1, 8),
(407, 'D2304043', 1, 10),
(408, 'D2304043', 2, 10),
(409, 'D2304051', 1, 4),
(410, 'D2304051', 2, 4),
(411, 'D2304052', 1, 1),
(412, 'D2304052', 2, 1),
(413, 'D2304052', 1, 2),
(414, 'D2304052', 2, 2),
(415, 'D2304052', 1, 3),
(416, 'D2304052', 2, 3),
(417, 'D2304052', 1, 4),
(418, 'D2304052', 2, 4),
(419, 'D2304052', 1, 5),
(420, 'D2304052', 2, 5),
(421, 'D2304052', 1, 6),
(422, 'D2304052', 2, 6),
(423, 'D2304052', 1, 7),
(424, 'D2304052', 2, 7),
(425, 'D2304052', 1, 8),
(426, 'D2304052', 1, 9),
(427, 'D2304052', 2, 9),
(428, 'D2304052', 1, 10),
(429, 'D2304052', 2, 10),
(430, 'D2304052', 1, 11),
(431, 'D2304052', 2, 11),
(432, 'D2304052', 1, 12),
(433, 'D2304052', 2, 12),
(434, 'D2304052', 1, 13),
(435, 'D2304052', 2, 13),
(436, 'D2304052', 1, 14),
(437, 'D2304052', 2, 14),
(438, 'D2304052', 1, 15),
(439, 'D2304052', 1, 16),
(440, 'D2304052', 2, 16),
(441, 'D2304052', 1, 17),
(442, 'D2304052', 1, 18),
(443, 'D2304052', 1, 19),
(444, 'D2304052', 2, 19),
(445, 'D2304052', 1, 20),
(446, 'D2304052', 2, 20),
(447, 'D2304053', 1, 1),
(448, 'D2304053', 2, 1),
(449, 'D2304053', 1, 2),
(450, 'D2304053', 2, 2),
(451, 'D2304053', 1, 3),
(452, 'D2304053', 2, 3),
(453, 'D2304053', 1, 4),
(454, 'D2304053', 2, 4),
(455, 'D2304053', 1, 5),
(456, 'D2304053', 2, 5),
(457, 'D2304053', 1, 6),
(458, 'D2304053', 2, 6),
(459, 'D2304053', 1, 7),
(460, 'D2304053', 2, 7),
(461, 'D2304053', 1, 8),
(462, 'D2304053', 1, 9),
(463, 'D2304053', 2, 9),
(464, 'D2304053', 1, 10),
(465, 'D2304053', 2, 10),
(466, 'D2304053', 1, 11),
(467, 'D2304053', 2, 11),
(468, 'D2304053', 1, 12),
(469, 'D2304053', 2, 12),
(470, 'D2304053', 1, 13),
(471, 'D2304053', 2, 13),
(472, 'D2304053', 1, 14),
(473, 'D2304053', 2, 14),
(474, 'D2304053', 1, 15),
(475, 'D2304053', 1, 16),
(476, 'D2304053', 2, 16),
(477, 'D2304053', 1, 17),
(478, 'D2304053', 1, 18),
(479, 'D2304053', 1, 19),
(480, 'D2304053', 2, 19),
(481, 'D2304053', 1, 20),
(482, 'D2304053', 2, 20),
(483, 'D2304056', 1, 4),
(484, 'D2304056', 2, 4),
(485, 'D2304058', 1, 1),
(486, 'D2304058', 2, 1),
(487, 'D2304058', 1, 2),
(488, 'D2304058', 2, 2),
(489, 'D2304058', 1, 3),
(490, 'D2304058', 2, 3),
(491, 'D2304058', 1, 4),
(492, 'D2304058', 2, 4),
(493, 'D2304058', 1, 5),
(494, 'D2304058', 2, 5),
(495, 'D2304058', 1, 6),
(496, 'D2304058', 2, 6),
(497, 'D2304058', 1, 7),
(498, 'D2304058', 2, 7),
(499, 'D2304058', 1, 8),
(500, 'D2304058', 1, 9),
(501, 'D2304058', 2, 9),
(502, 'D2304058', 1, 10),
(503, 'D2304058', 2, 10),
(504, 'D2304058', 1, 11),
(505, 'D2304058', 2, 11),
(506, 'D2304058', 1, 12),
(507, 'D2304058', 2, 12),
(508, 'D2304058', 1, 13),
(509, 'D2304058', 2, 13),
(510, 'D2304058', 1, 14),
(511, 'D2304058', 2, 14),
(512, 'D2304058', 1, 15),
(513, 'D2304058', 1, 16),
(514, 'D2304058', 2, 16),
(515, 'D2304058', 1, 17),
(516, 'D2304058', 1, 18),
(517, 'D2304058', 1, 19),
(518, 'D2304058', 2, 19),
(519, 'D2304058', 1, 20),
(520, 'D2304058', 2, 20),
(521, 'D2304059', 1, 1),
(522, 'D2304059', 2, 1),
(523, 'D2304059', 1, 2),
(524, 'D2304059', 2, 2),
(525, 'D2304059', 1, 3),
(526, 'D2304059', 2, 3),
(527, 'D2304059', 1, 4),
(528, 'D2304059', 2, 4),
(529, 'D2304059', 1, 5),
(530, 'D2304059', 2, 5),
(531, 'D2304059', 1, 6),
(532, 'D2304059', 2, 6),
(533, 'D2304059', 1, 7),
(534, 'D2304059', 2, 7),
(535, 'D2304059', 1, 8),
(536, 'D2304059', 1, 9),
(537, 'D2304059', 2, 9),
(538, 'D2304059', 1, 10),
(539, 'D2304059', 2, 10),
(540, 'D2304059', 1, 11),
(541, 'D2304059', 2, 11),
(542, 'D2304059', 1, 12),
(543, 'D2304059', 2, 12),
(544, 'D2304059', 1, 13),
(545, 'D2304059', 2, 13),
(546, 'D2304059', 1, 14),
(547, 'D2304059', 2, 14),
(548, 'D2304059', 1, 15),
(549, 'D2304059', 1, 16),
(550, 'D2304059', 2, 16),
(551, 'D2304059', 1, 17),
(552, 'D2304059', 1, 18),
(553, 'D2304059', 1, 19),
(554, 'D2304059', 2, 19),
(555, 'D2304059', 1, 20),
(556, 'D2304059', 2, 20),
(557, 'D2304060', 1, 1),
(558, 'D2304060', 2, 1),
(559, 'D2304060', 1, 2),
(560, 'D2304060', 2, 2),
(561, 'D2304060', 1, 3),
(562, 'D2304060', 2, 3),
(563, 'D2304061', 1, 1),
(564, 'D2304061', 2, 1),
(565, 'D2304061', 1, 2),
(566, 'D2304061', 2, 2),
(567, 'D2304061', 1, 3),
(568, 'D2304061', 2, 3),
(569, 'D2304061', 1, 4),
(570, 'D2304061', 2, 4),
(571, 'D2304061', 1, 5),
(572, 'D2304061', 2, 5),
(573, 'D2304061', 1, 6),
(574, 'D2304061', 2, 6),
(575, 'D2304061', 1, 7),
(576, 'D2304061', 2, 7),
(577, 'D2304061', 1, 8),
(578, 'D2304061', 1, 9),
(579, 'D2304061', 2, 9),
(580, 'D2304061', 1, 10),
(581, 'D2304061', 2, 10),
(582, 'D2304061', 1, 11),
(583, 'D2304061', 2, 11),
(584, 'D2304061', 1, 12),
(585, 'D2304061', 2, 12),
(586, 'D2304061', 1, 13),
(587, 'D2304061', 2, 13),
(588, 'D2304061', 1, 14),
(589, 'D2304061', 2, 14),
(590, 'D2304061', 1, 15),
(591, 'D2304061', 1, 16),
(592, 'D2304061', 2, 16),
(593, 'D2304061', 1, 17),
(594, 'D2304061', 1, 18),
(595, 'D2304061', 1, 19),
(596, 'D2304061', 2, 19),
(597, 'D2304061', 1, 20),
(598, 'D2304061', 2, 20),
(599, 'D2304062', 1, 1),
(600, 'D2304062', 2, 1),
(601, 'D2304062', 1, 2),
(602, 'D2304062', 2, 2),
(603, 'D2304062', 1, 3),
(604, 'D2304062', 2, 3),
(605, 'D2304062', 1, 4),
(606, 'D2304062', 2, 4),
(607, 'D2304062', 1, 5),
(608, 'D2304062', 2, 5),
(609, 'D2304062', 1, 6),
(610, 'D2304062', 2, 6),
(611, 'D2304062', 1, 7),
(612, 'D2304062', 2, 7),
(613, 'D2304062', 1, 8),
(614, 'D2304062', 1, 9),
(615, 'D2304062', 2, 9),
(616, 'D2304062', 1, 10),
(617, 'D2304062', 2, 10),
(618, 'D2304062', 1, 11),
(619, 'D2304062', 2, 11),
(620, 'D2304062', 1, 12),
(621, 'D2304062', 2, 12),
(622, 'D2304062', 1, 13),
(623, 'D2304062', 2, 13),
(624, 'D2304062', 1, 14),
(625, 'D2304062', 2, 14),
(626, 'D2304062', 1, 15),
(627, 'D2304062', 1, 16),
(628, 'D2304062', 2, 16),
(629, 'D2304062', 1, 17),
(630, 'D2304062', 1, 18),
(631, 'D2304062', 1, 19),
(632, 'D2304062', 2, 19),
(633, 'D2304062', 1, 20),
(634, 'D2304062', 2, 20),
(635, 'D2304064', 1, 3),
(636, 'D2304064', 2, 3),
(637, 'D2304065', 1, 1),
(638, 'D2304065', 2, 1),
(639, 'D2304065', 1, 2),
(640, 'D2304065', 2, 2),
(641, 'D2304065', 1, 3),
(642, 'D2304065', 2, 3),
(643, 'D2304065', 1, 4),
(644, 'D2304065', 2, 4),
(645, 'D2304065', 1, 5),
(646, 'D2304065', 2, 5),
(647, 'D2304065', 1, 6),
(648, 'D2304065', 2, 6),
(649, 'D2304065', 1, 7),
(650, 'D2304065', 2, 7),
(651, 'D2304065', 1, 8),
(652, 'D2304065', 1, 9),
(653, 'D2304065', 2, 9),
(654, 'D2304065', 1, 10),
(655, 'D2304065', 2, 10),
(656, 'D2304065', 1, 11),
(657, 'D2304065', 2, 11),
(658, 'D2304065', 1, 12),
(659, 'D2304065', 2, 12),
(660, 'D2304065', 1, 13),
(661, 'D2304065', 2, 13),
(662, 'D2304065', 1, 14),
(663, 'D2304065', 2, 14),
(664, 'D2304065', 1, 15),
(665, 'D2304065', 1, 16),
(666, 'D2304065', 2, 16),
(667, 'D2304065', 1, 17),
(668, 'D2304065', 1, 18),
(669, 'D2304065', 1, 19),
(670, 'D2304065', 2, 19),
(671, 'D2304065', 1, 20),
(672, 'D2304065', 2, 20),
(673, 'D2304066', 1, 1),
(674, 'D2304066', 2, 1),
(675, 'D2304066', 1, 2),
(676, 'D2304066', 2, 2),
(677, 'D2304066', 1, 3),
(678, 'D2304066', 2, 3),
(679, 'D2304066', 1, 4),
(680, 'D2304066', 2, 4),
(681, 'D2304066', 1, 5),
(682, 'D2304066', 2, 5),
(683, 'D2304066', 1, 6),
(684, 'D2304066', 2, 6),
(685, 'D2304066', 1, 7),
(686, 'D2304066', 2, 7),
(687, 'D2304066', 1, 8),
(688, 'D2304066', 1, 9),
(689, 'D2304066', 2, 9),
(690, 'D2304066', 1, 10),
(691, 'D2304066', 2, 10),
(692, 'D2304066', 1, 11),
(693, 'D2304066', 2, 11),
(694, 'D2304066', 1, 12),
(695, 'D2304066', 2, 12),
(696, 'D2304066', 1, 13),
(697, 'D2304066', 2, 13),
(698, 'D2304066', 1, 14),
(699, 'D2304066', 2, 14),
(700, 'D2304066', 1, 15),
(701, 'D2304066', 1, 16),
(702, 'D2304066', 2, 16),
(703, 'D2304066', 1, 17),
(704, 'D2304066', 1, 18),
(705, 'D2304066', 1, 19),
(706, 'D2304066', 2, 19),
(707, 'D2304066', 1, 20),
(708, 'D2304066', 2, 20),
(709, 'D2304067', 1, 2),
(710, 'D2304067', 2, 2),
(711, 'D2304068', 1, 1),
(712, 'D2304068', 2, 1),
(713, 'D2304068', 1, 2),
(714, 'D2304068', 2, 2),
(715, 'D2304068', 1, 3),
(716, 'D2304068', 2, 3),
(717, 'D2304068', 1, 4),
(718, 'D2304068', 2, 4),
(719, 'D2304068', 1, 5),
(720, 'D2304068', 2, 5),
(721, 'D2304068', 1, 6),
(722, 'D2304068', 2, 6),
(723, 'D2304068', 1, 7),
(724, 'D2304068', 2, 7),
(725, 'D2304068', 1, 8),
(726, 'D2304068', 1, 9),
(727, 'D2304068', 2, 9),
(728, 'D2304068', 1, 10),
(729, 'D2304068', 2, 10),
(730, 'D2304068', 1, 11),
(731, 'D2304068', 2, 11),
(732, 'D2304068', 1, 12),
(733, 'D2304068', 2, 12),
(734, 'D2304068', 1, 13),
(735, 'D2304068', 2, 13),
(736, 'D2304068', 1, 14),
(737, 'D2304068', 2, 14),
(738, 'D2304068', 1, 15),
(739, 'D2304068', 1, 16),
(740, 'D2304068', 2, 16),
(741, 'D2304068', 1, 17),
(742, 'D2304068', 1, 18),
(743, 'D2304068', 1, 19),
(744, 'D2304068', 2, 19),
(745, 'D2304068', 1, 20),
(746, 'D2304068', 2, 20),
(747, 'D2304069', 1, 1),
(748, 'D2304069', 2, 1),
(749, 'D2304069', 1, 2),
(750, 'D2304069', 2, 2),
(751, 'D2304069', 1, 3),
(752, 'D2304069', 2, 3),
(753, 'D2304069', 1, 4),
(754, 'D2304069', 2, 4),
(755, 'D2304069', 1, 5),
(756, 'D2304069', 2, 5),
(757, 'D2304069', 1, 6),
(758, 'D2304069', 2, 6),
(759, 'D2304069', 1, 7),
(760, 'D2304069', 2, 7),
(761, 'D2304069', 1, 8),
(762, 'D2304069', 1, 9),
(763, 'D2304069', 2, 9),
(764, 'D2304069', 1, 10),
(765, 'D2304069', 2, 10),
(766, 'D2304069', 1, 11),
(767, 'D2304069', 2, 11),
(768, 'D2304069', 1, 12),
(769, 'D2304069', 2, 12),
(770, 'D2304069', 1, 13),
(771, 'D2304069', 2, 13),
(772, 'D2304069', 1, 14),
(773, 'D2304069', 2, 14),
(774, 'D2304069', 1, 15),
(775, 'D2304069', 1, 16),
(776, 'D2304069', 2, 16),
(777, 'D2304069', 1, 17),
(778, 'D2304069', 1, 18),
(779, 'D2304069', 1, 19),
(780, 'D2304069', 2, 19),
(781, 'D2304069', 1, 20),
(782, 'D2304069', 2, 20),
(783, 'D2304071', 1, 1),
(784, 'D2304071', 2, 1),
(785, 'D2304071', 1, 2),
(786, 'D2304071', 2, 2),
(787, 'D2304071', 1, 3),
(788, 'D2304071', 2, 3),
(789, 'D2304071', 1, 4),
(790, 'D2304071', 2, 4),
(791, 'D2304071', 1, 5),
(792, 'D2304071', 2, 5),
(793, 'D2304071', 1, 6),
(794, 'D2304071', 2, 6),
(795, 'D2304071', 1, 7),
(796, 'D2304071', 2, 7),
(797, 'D2304071', 1, 8),
(798, 'D2304071', 1, 9),
(799, 'D2304071', 2, 9),
(800, 'D2304071', 1, 10),
(801, 'D2304071', 2, 10),
(802, 'D2304071', 1, 11),
(803, 'D2304071', 2, 11),
(804, 'D2304071', 1, 12),
(805, 'D2304071', 2, 12),
(806, 'D2304071', 1, 13),
(807, 'D2304071', 2, 13),
(808, 'D2304071', 1, 14),
(809, 'D2304071', 2, 14),
(810, 'D2304071', 1, 15),
(811, 'D2304071', 1, 16),
(812, 'D2304071', 2, 16),
(813, 'D2304071', 1, 17),
(814, 'D2304071', 1, 18),
(815, 'D2304071', 1, 19),
(816, 'D2304071', 2, 19),
(817, 'D2304071', 1, 20),
(818, 'D2304071', 2, 20),
(819, 'D2304072', 1, 1),
(820, 'D2304072', 2, 1),
(821, 'D2304072', 1, 2),
(822, 'D2304072', 2, 2),
(823, 'D2304072', 1, 3),
(824, 'D2304072', 2, 3),
(825, 'D2304072', 1, 4),
(826, 'D2304072', 2, 4),
(827, 'D2304072', 1, 5),
(828, 'D2304072', 2, 5),
(829, 'D2304073', 1, 1),
(830, 'D2304073', 2, 1),
(831, 'D2304073', 1, 2),
(832, 'D2304073', 2, 2),
(833, 'D2304073', 1, 3),
(834, 'D2304073', 2, 3),
(835, 'D2304073', 1, 4),
(836, 'D2304073', 2, 4),
(837, 'D2304073', 1, 5),
(838, 'D2304073', 2, 5),
(839, 'D2304073', 1, 6),
(840, 'D2304073', 2, 6),
(841, 'D2304073', 1, 7),
(842, 'D2304073', 2, 7),
(843, 'D2304073', 1, 8),
(844, 'D2304073', 1, 9),
(845, 'D2304073', 2, 9),
(846, 'D2304073', 1, 10),
(847, 'D2304073', 2, 10),
(848, 'D2304073', 1, 11),
(849, 'D2304073', 2, 11),
(850, 'D2304073', 1, 12),
(851, 'D2304073', 2, 12),
(852, 'D2304073', 1, 13),
(853, 'D2304073', 2, 13),
(854, 'D2304073', 1, 14),
(855, 'D2304073', 2, 14),
(856, 'D2304073', 1, 15),
(857, 'D2304073', 1, 16),
(858, 'D2304073', 2, 16),
(859, 'D2304073', 1, 17),
(860, 'D2304073', 1, 18),
(861, 'D2304073', 1, 19),
(862, 'D2304073', 2, 19),
(863, 'D2304073', 1, 20),
(864, 'D2304073', 2, 20),
(865, 'D2304074', 1, 1),
(866, 'D2304074', 2, 1),
(867, 'D2304074', 1, 2),
(868, 'D2304074', 2, 2),
(869, 'D2304074', 1, 3),
(870, 'D2304074', 2, 3),
(871, 'D2304074', 1, 4),
(872, 'D2304074', 2, 4),
(873, 'D2304074', 1, 5),
(874, 'D2304074', 2, 5),
(875, 'D2304074', 1, 6),
(876, 'D2304074', 2, 6),
(877, 'D2304074', 1, 7),
(878, 'D2304074', 2, 7),
(879, 'D2304074', 1, 8),
(880, 'D2304074', 1, 9),
(881, 'D2304074', 2, 9),
(882, 'D2304074', 1, 10),
(883, 'D2304074', 2, 10),
(884, 'D2304074', 1, 11),
(885, 'D2304074', 2, 11),
(886, 'D2304074', 1, 12),
(887, 'D2304074', 2, 12),
(888, 'D2304074', 1, 13),
(889, 'D2304074', 2, 13),
(890, 'D2304074', 1, 14),
(891, 'D2304074', 2, 14),
(892, 'D2304074', 1, 15),
(893, 'D2304074', 1, 16),
(894, 'D2304074', 2, 16),
(895, 'D2304074', 1, 17),
(896, 'D2304074', 1, 18),
(897, 'D2304074', 1, 19),
(898, 'D2304074', 2, 19),
(899, 'D2304074', 1, 20),
(900, 'D2304074', 2, 20),
(901, 'D2304075', 1, 1),
(902, 'D2304075', 2, 1),
(903, 'D2304075', 1, 2),
(904, 'D2304075', 2, 2),
(905, 'D2304075', 1, 3),
(906, 'D2304075', 2, 3),
(907, 'D2304075', 1, 4),
(908, 'D2304075', 2, 4),
(909, 'D2304075', 1, 5),
(910, 'D2304075', 2, 5),
(911, 'D2304075', 1, 6),
(912, 'D2304075', 2, 6),
(913, 'D2304075', 1, 7),
(914, 'D2304075', 2, 7),
(915, 'D2304075', 1, 8),
(916, 'D2304075', 1, 9),
(917, 'D2304075', 2, 9),
(918, 'D2304075', 1, 10),
(919, 'D2304075', 2, 10),
(920, 'D2304075', 1, 11),
(921, 'D2304075', 2, 11),
(922, 'D2304075', 1, 12),
(923, 'D2304075', 2, 12),
(924, 'D2304075', 1, 13),
(925, 'D2304075', 2, 13),
(926, 'D2304075', 1, 14),
(927, 'D2304075', 2, 14),
(928, 'D2304075', 1, 15),
(929, 'D2304075', 1, 16),
(930, 'D2304075', 2, 16),
(931, 'D2304075', 1, 17),
(932, 'D2304075', 1, 18),
(933, 'D2304075', 1, 19),
(934, 'D2304075', 2, 19),
(935, 'D2304075', 1, 20),
(936, 'D2304075', 2, 20),
(937, 'D2304076', 1, 8),
(938, 'D2304076', 1, 10),
(939, 'D2304076', 2, 10),
(940, 'D2304077', 1, 3),
(941, 'D2304077', 2, 3),
(942, 'D2304078', 1, 3),
(943, 'D2304078', 2, 3),
(944, 'D2304078', 1, 4),
(945, 'D2304078', 2, 4),
(946, 'D2304078', 1, 5),
(947, 'D2304078', 2, 5),
(948, 'D2304079', 1, 3),
(949, 'D2304079', 2, 3),
(950, 'D2304080', 1, 4),
(951, 'D2304080', 2, 4),
(952, 'D2304080', 1, 5),
(953, 'D2304080', 2, 5),
(954, 'D2304080', 1, 8),
(955, 'D2304080', 1, 10),
(956, 'D2304080', 2, 10),
(957, 'D2304081', 1, 4),
(958, 'D2304081', 2, 4),
(959, 'D2304081', 1, 5),
(960, 'D2304081', 2, 5),
(961, 'D2304083', 1, 1),
(962, 'D2304083', 2, 1),
(963, 'D2304083', 1, 2),
(964, 'D2304083', 2, 2),
(965, 'D2304085', 1, 20),
(966, 'D2304085', 2, 20),
(967, 'D2304086', 1, 8),
(968, 'D2304087', 1, 8),
(969, 'D2304087', 1, 10),
(970, 'D2304087', 2, 10),
(971, 'D2304088', 1, 1),
(972, 'D2304088', 2, 1),
(973, 'D2304088', 1, 2),
(974, 'D2304088', 2, 2),
(975, 'D2304088', 1, 3),
(976, 'D2304088', 2, 3),
(977, 'D2304088', 1, 4),
(978, 'D2304088', 2, 4),
(979, 'D2304088', 1, 5),
(980, 'D2304088', 2, 5),
(981, 'D2304088', 1, 6),
(982, 'D2304088', 2, 6),
(983, 'D2304088', 1, 7),
(984, 'D2304088', 2, 7),
(985, 'D2304088', 1, 8),
(986, 'D2304088', 1, 9),
(987, 'D2304088', 2, 9),
(988, 'D2304088', 1, 10),
(989, 'D2304088', 2, 10),
(990, 'D2304088', 1, 11),
(991, 'D2304088', 2, 11),
(992, 'D2304088', 1, 12),
(993, 'D2304088', 2, 12),
(994, 'D2304088', 1, 13),
(995, 'D2304088', 2, 13),
(996, 'D2304088', 1, 14),
(997, 'D2304088', 2, 14),
(998, 'D2304088', 1, 15),
(999, 'D2304088', 1, 16),
(1000, 'D2304088', 2, 16),
(1001, 'D2304088', 1, 17),
(1002, 'D2304088', 1, 18),
(1003, 'D2304088', 1, 19),
(1004, 'D2304088', 2, 19),
(1005, 'D2304088', 1, 20),
(1006, 'D2304088', 2, 20),
(1007, 'D2304089', 1, 8),
(1008, 'D2304090', 1, 8),
(1009, 'D2304090', 1, 10),
(1010, 'D2304090', 2, 10),
(1011, 'D2304091', 1, 4),
(1012, 'D2304091', 2, 4),
(1013, 'D2304091', 1, 5),
(1014, 'D2304091', 2, 5),
(1015, 'D2304093', 1, 1),
(1016, 'D2304093', 2, 1),
(1017, 'D2304093', 1, 2),
(1018, 'D2304093', 2, 2),
(1019, 'D2304093', 1, 3),
(1020, 'D2304093', 2, 3),
(1021, 'D2304093', 1, 4),
(1022, 'D2304093', 2, 4),
(1023, 'D2304093', 1, 5),
(1024, 'D2304093', 2, 5),
(1025, 'D2304093', 1, 6),
(1026, 'D2304093', 2, 6),
(1027, 'D2304093', 1, 7),
(1028, 'D2304093', 2, 7),
(1029, 'D2304093', 1, 8),
(1030, 'D2304093', 1, 9),
(1031, 'D2304093', 2, 9),
(1032, 'D2304093', 1, 10),
(1033, 'D2304093', 2, 10),
(1034, 'D2304093', 1, 11),
(1035, 'D2304093', 2, 11),
(1036, 'D2304093', 1, 12),
(1037, 'D2304093', 2, 12),
(1038, 'D2304093', 1, 13),
(1039, 'D2304093', 2, 13),
(1040, 'D2304093', 1, 14),
(1041, 'D2304093', 2, 14),
(1042, 'D2304093', 1, 15),
(1043, 'D2304093', 1, 16),
(1044, 'D2304093', 2, 16),
(1045, 'D2304093', 1, 17),
(1046, 'D2304093', 1, 18),
(1047, 'D2304093', 1, 19),
(1048, 'D2304093', 2, 19),
(1049, 'D2304093', 1, 20),
(1050, 'D2304093', 2, 20),
(1051, 'D2304094', 1, 1),
(1052, 'D2304094', 2, 1),
(1053, 'D2304094', 1, 2),
(1054, 'D2304094', 2, 2),
(1055, 'D2304095', 1, 1),
(1056, 'D2304095', 2, 1),
(1057, 'D2304095', 1, 2),
(1058, 'D2304095', 2, 2),
(1059, 'D2304095', 1, 4),
(1060, 'D2304095', 2, 4),
(1061, 'D2304096', 1, 11),
(1062, 'D2304096', 2, 11),
(1063, 'D2304096', 1, 12),
(1064, 'D2304096', 2, 12),
(1065, 'D2304096', 1, 13),
(1066, 'D2304096', 2, 13),
(1067, 'D2304096', 1, 16),
(1068, 'D2304096', 2, 16),
(1069, 'D2304097', 1, 5),
(1070, 'D2304097', 2, 5),
(1071, 'D2304097', 1, 6),
(1072, 'D2304097', 2, 6),
(1073, 'D2304097', 1, 7),
(1074, 'D2304097', 2, 7),
(1075, 'D2304097', 1, 8),
(1076, 'D2304098', 1, 5),
(1077, 'D2304098', 2, 5),
(1078, 'D2304098', 1, 8),
(1079, 'D2304098', 1, 9),
(1080, 'D2304098', 2, 9),
(1081, 'D2304098', 1, 10),
(1082, 'D2304098', 2, 10),
(1083, 'D2304099', 1, 1),
(1084, 'D2304099', 2, 1),
(1085, 'D2304099', 1, 2),
(1086, 'D2304099', 2, 2),
(1087, 'D2304099', 1, 3),
(1088, 'D2304099', 2, 3),
(1089, 'D2304099', 1, 8),
(1090, 'D2304099', 1, 15),
(1091, 'D2304100', 1, 3),
(1092, 'D2304100', 2, 3),
(1093, 'D2304100', 1, 6),
(1094, 'D2304100', 2, 6),
(1095, 'D2304100', 1, 8),
(1096, 'D2304100', 1, 10),
(1097, 'D2304100', 2, 10),
(1098, 'D2304100', 1, 14),
(1099, 'D2304100', 2, 14),
(1100, 'D2304100', 1, 15),
(1101, 'D2304101', 1, 8),
(1102, 'D2304101', 1, 10),
(1103, 'D2304101', 2, 10),
(1104, 'D2304101', 1, 13),
(1105, 'D2304101', 2, 13),
(1106, 'D2304102', 1, 1),
(1107, 'D2304102', 2, 1),
(1108, 'D2304102', 1, 6),
(1109, 'D2304102', 2, 6),
(1110, 'D2304102', 1, 8),
(1111, 'D2304102', 1, 15),
(1112, 'D2304102', 1, 18),
(1113, 'D2304102', 1, 20),
(1114, 'D2304102', 2, 20),
(1115, 'D2304103', 1, 1),
(1116, 'D2304103', 2, 1),
(1117, 'D2304103', 1, 2),
(1118, 'D2304103', 2, 2),
(1119, 'D2304103', 1, 3),
(1120, 'D2304103', 2, 3),
(1121, 'D2304103', 1, 4),
(1122, 'D2304103', 2, 4),
(1123, 'D2304103', 1, 5),
(1124, 'D2304103', 2, 5),
(1125, 'D2304103', 1, 6),
(1126, 'D2304103', 2, 6),
(1127, 'D2304104', 1, 1),
(1128, 'D2304104', 2, 1),
(1129, 'D2304104', 1, 6),
(1130, 'D2304104', 2, 6),
(1131, 'D2304104', 1, 8),
(1132, 'D2304104', 1, 15),
(1133, 'D2304104', 1, 18),
(1134, 'D2304104', 1, 20),
(1135, 'D2304104', 2, 20),
(1136, 'D2304105', 1, 1),
(1137, 'D2304105', 2, 1),
(1138, 'D2304105', 1, 6),
(1139, 'D2304105', 2, 6),
(1140, 'D2304105', 1, 8),
(1141, 'D2304105', 1, 15),
(1142, 'D2304105', 1, 18),
(1143, 'D2304105', 1, 20),
(1144, 'D2304105', 2, 20),
(1145, 'D2304106', 1, 1),
(1146, 'D2304106', 2, 1),
(1147, 'D2304106', 1, 2),
(1148, 'D2304106', 2, 2),
(1149, 'D2304106', 1, 3),
(1150, 'D2304106', 2, 3),
(1151, 'D2304106', 1, 7),
(1152, 'D2304106', 2, 7),
(1153, 'D2304107', 1, 1),
(1154, 'D2304107', 2, 1),
(1155, 'D2304107', 1, 2),
(1156, 'D2304107', 2, 2),
(1157, 'D2304107', 1, 3),
(1158, 'D2304107', 2, 3),
(1159, 'D2304107', 1, 4),
(1160, 'D2304107', 2, 4),
(1161, 'D2304107', 1, 5),
(1162, 'D2304107', 2, 5),
(1163, 'D2304107', 1, 6),
(1164, 'D2304107', 2, 6),
(1165, 'D2304107', 1, 7),
(1166, 'D2304107', 2, 7),
(1167, 'D2304107', 1, 8),
(1168, 'D2304107', 1, 9),
(1169, 'D2304107', 2, 9),
(1170, 'D2304107', 1, 10),
(1171, 'D2304107', 2, 10),
(1172, 'D2304107', 1, 11),
(1173, 'D2304107', 2, 11),
(1174, 'D2304107', 1, 12),
(1175, 'D2304107', 2, 12),
(1176, 'D2304107', 1, 13),
(1177, 'D2304107', 2, 13),
(1178, 'D2304107', 1, 14),
(1179, 'D2304107', 2, 14),
(1180, 'D2304107', 1, 15),
(1181, 'D2304107', 1, 16),
(1182, 'D2304107', 2, 16),
(1183, 'D2304107', 1, 17),
(1184, 'D2304107', 1, 18),
(1185, 'D2304107', 1, 19),
(1186, 'D2304107', 2, 19),
(1187, 'D2304107', 1, 20),
(1188, 'D2304107', 2, 20),
(1189, 'D2304108', 1, 4),
(1190, 'D2304108', 2, 4),
(1191, 'D2304108', 1, 5),
(1192, 'D2304108', 2, 5),
(1193, 'D2304108', 1, 6),
(1194, 'D2304108', 2, 6),
(1195, 'D2304108', 1, 16),
(1196, 'D2304108', 2, 16),
(1197, 'D2304109', 1, 1),
(1198, 'D2304109', 2, 1),
(1199, 'D2304109', 1, 2),
(1200, 'D2304109', 2, 2),
(1201, 'D2304110', 1, 5),
(1202, 'D2304110', 2, 5),
(1203, 'D2304110', 1, 6),
(1204, 'D2304110', 2, 6),
(1205, 'D2304110', 1, 8),
(1206, 'D2304110', 1, 15),
(1207, 'D2304111', 1, 1),
(1208, 'D2304111', 2, 1),
(1209, 'D2304112', 1, 2),
(1210, 'D2304112', 2, 2),
(1211, 'D2304112', 1, 3),
(1212, 'D2304112', 2, 3),
(1213, 'D2304112', 1, 4),
(1214, 'D2304112', 2, 4),
(1215, 'D2304112', 1, 5),
(1216, 'D2304112', 2, 5),
(1217, 'D2304113', 1, 1),
(1218, 'D2304113', 2, 1),
(1219, 'D2304113', 1, 2),
(1220, 'D2304113', 2, 2),
(1221, 'D2304113', 1, 3),
(1222, 'D2304113', 2, 3),
(1223, 'D2304113', 1, 4),
(1224, 'D2304113', 2, 4),
(1225, 'D2304113', 1, 5),
(1226, 'D2304113', 2, 5),
(1227, 'D2304113', 1, 6),
(1228, 'D2304113', 2, 6),
(1229, 'D2304113', 1, 7),
(1230, 'D2304113', 2, 7),
(1231, 'D2304113', 1, 8),
(1232, 'D2304113', 1, 9),
(1233, 'D2304113', 2, 9),
(1234, 'D2304113', 1, 10),
(1235, 'D2304113', 2, 10),
(1236, 'D2304113', 1, 11),
(1237, 'D2304113', 2, 11),
(1238, 'D2304113', 1, 12),
(1239, 'D2304113', 2, 12),
(1240, 'D2304113', 1, 13),
(1241, 'D2304113', 2, 13),
(1242, 'D2304113', 1, 14),
(1243, 'D2304113', 2, 14),
(1244, 'D2304113', 1, 15),
(1245, 'D2304113', 1, 16),
(1246, 'D2304113', 2, 16),
(1247, 'D2304113', 1, 17),
(1248, 'D2304113', 1, 18),
(1249, 'D2304113', 1, 19),
(1250, 'D2304113', 2, 19),
(1251, 'D2304113', 1, 20),
(1252, 'D2304113', 2, 20),
(1253, 'D2304114', 1, 2),
(1254, 'D2304114', 2, 2),
(1255, 'D2304115', 1, 8),
(1256, 'D2304115', 1, 10),
(1257, 'D2304115', 2, 10),
(1258, 'D2304115', 1, 15),
(1259, 'D2304116', 1, 1),
(1260, 'D2304116', 2, 1),
(1261, 'D2304116', 1, 6),
(1262, 'D2304116', 2, 6),
(1263, 'D2304116', 1, 15),
(1264, 'D2304116', 1, 18),
(1265, 'D2304116', 1, 20),
(1266, 'D2304116', 2, 20),
(1267, 'D2304117', 1, 1),
(1268, 'D2304117', 2, 1),
(1269, 'D2304118', 1, 1),
(1270, 'D2304118', 2, 1),
(1271, 'D2304119', 1, 1),
(1272, 'D2304119', 2, 1),
(1273, 'D2304119', 1, 2),
(1274, 'D2304119', 2, 2),
(1275, 'D2304119', 1, 3),
(1276, 'D2304119', 2, 3),
(1277, 'D2304119', 1, 4),
(1278, 'D2304119', 2, 4),
(1279, 'D2304119', 1, 5),
(1280, 'D2304119', 2, 5),
(1281, 'D2304120', 1, 1),
(1282, 'D2304120', 2, 1),
(1283, 'D2304120', 1, 2),
(1284, 'D2304120', 2, 2),
(1285, 'D2304120', 1, 3),
(1286, 'D2304120', 2, 3),
(1287, 'D2304120', 1, 4),
(1288, 'D2304120', 2, 4),
(1289, 'D2304120', 1, 5),
(1290, 'D2304120', 2, 5),
(1291, 'D2304120', 1, 6),
(1292, 'D2304120', 2, 6),
(1293, 'D2304120', 1, 7),
(1294, 'D2304120', 2, 7),
(1295, 'D2304120', 1, 8),
(1296, 'D2304120', 1, 9),
(1297, 'D2304120', 2, 9),
(1298, 'D2304120', 1, 10),
(1299, 'D2304120', 2, 10),
(1300, 'D2304121', 1, 1),
(1301, 'D2304121', 2, 1),
(1302, 'D2304122', 1, 1),
(1303, 'D2304122', 2, 1),
(1304, 'D2304122', 1, 2),
(1305, 'D2304122', 2, 2),
(1306, 'D2304122', 1, 3),
(1307, 'D2304122', 2, 3),
(1308, 'D2304122', 1, 4),
(1309, 'D2304122', 2, 4),
(1310, 'D2304122', 1, 5),
(1311, 'D2304122', 2, 5),
(1312, 'D2304122', 1, 6),
(1313, 'D2304122', 2, 6),
(1314, 'D2304122', 1, 7),
(1315, 'D2304122', 2, 7),
(1316, 'D2304122', 1, 8),
(1317, 'D2304122', 1, 9),
(1318, 'D2304122', 2, 9),
(1319, 'D2304122', 1, 10),
(1320, 'D2304122', 2, 10),
(1321, 'D2304122', 1, 11),
(1322, 'D2304122', 2, 11),
(1323, 'D2304122', 1, 12),
(1324, 'D2304122', 2, 12),
(1325, 'D2304122', 1, 13),
(1326, 'D2304122', 2, 13),
(1327, 'D2304122', 1, 14),
(1328, 'D2304122', 2, 14),
(1329, 'D2304122', 1, 15),
(1330, 'D2304122', 1, 16),
(1331, 'D2304122', 2, 16),
(1332, 'D2304122', 1, 17),
(1333, 'D2304122', 1, 18),
(1334, 'D2304122', 1, 19),
(1335, 'D2304122', 2, 19),
(1336, 'D2304122', 1, 20),
(1337, 'D2304122', 2, 20),
(1338, 'D2304122', 1, 21),
(1339, 'D2304122', 2, 21),
(1340, 'D2304123', 1, 8),
(1341, 'D2304123', 1, 9),
(1342, 'D2304123', 2, 9),
(1343, 'D2304123', 1, 10),
(1344, 'D2304123', 2, 10),
(1345, 'D2304123', 1, 15),
(1346, 'D2304123', 1, 18),
(1347, 'D2304123', 1, 20),
(1348, 'D2304123', 2, 20),
(1349, 'D2304124', 1, 1),
(1350, 'D2304124', 1, 2),
(1351, 'D2304124', 1, 3),
(1352, 'D2304124', 2, 3),
(1353, 'D2304124', 2, 4),
(1354, 'D2304124', 1, 5),
(1355, 'D2304124', 2, 5),
(1356, 'D2304124', 1, 6),
(1357, 'D2304124', 2, 7),
(1358, 'D2304124', 1, 8),
(1359, 'D2304124', 1, 9),
(1360, 'D2304124', 2, 9),
(1361, 'D2304124', 1, 10),
(1362, 'D2304124', 1, 11),
(1363, 'D2304124', 2, 11),
(1364, 'D2304124', 1, 12),
(1365, 'D2304124', 2, 12),
(1366, 'D2304124', 1, 13),
(1367, 'D2304124', 2, 13),
(1368, 'D2304124', 1, 14),
(1369, 'D2304124', 2, 14),
(1370, 'D2304124', 1, 15),
(1371, 'D2304124', 1, 16),
(1372, 'D2304124', 2, 16),
(1373, 'D2304124', 1, 17),
(1374, 'D2304124', 2, 17),
(1375, 'D2304124', 1, 18),
(1376, 'D2304124', 2, 18),
(1377, 'D2304124', 1, 19),
(1378, 'D2304124', 1, 20),
(1379, 'D2304124', 2, 20),
(1380, 'D2304124', 1, 21),
(1381, 'D2304124', 2, 21),
(1382, 'D2304124', 1, 22),
(1383, 'D2304124', 2, 22),
(1384, 'D2304124', 2, 23),
(1385, 'D2304124', 1, 24),
(1386, 'D2304124', 2, 24),
(1387, 'D2304124', 1, 25),
(1388, 'D2304124', 2, 25),
(1389, 'D2304124', 2, 26),
(1390, 'D2304124', 2, 27),
(1391, 'D2304124', 2, 28),
(1392, 'D2304125', 1, 1),
(1393, 'D2304125', 1, 2),
(1394, 'D2304125', 1, 3),
(1395, 'D2304125', 2, 3),
(1396, 'D2304125', 2, 4),
(1397, 'D2304125', 1, 5),
(1398, 'D2304125', 2, 5),
(1399, 'D2304125', 1, 6),
(1400, 'D2304125', 2, 7),
(1401, 'D2304125', 1, 8),
(1402, 'D2304125', 1, 9),
(1403, 'D2304125', 2, 9),
(1404, 'D2304125', 1, 10),
(1405, 'D2304125', 1, 11),
(1406, 'D2304125', 2, 11),
(1407, 'D2304125', 1, 12),
(1408, 'D2304125', 2, 12),
(1409, 'D2304125', 1, 13),
(1410, 'D2304125', 2, 13),
(1411, 'D2304125', 1, 14),
(1412, 'D2304125', 2, 14),
(1413, 'D2304125', 1, 15),
(1414, 'D2304125', 1, 16),
(1415, 'D2304125', 2, 16),
(1416, 'D2304125', 1, 17),
(1417, 'D2304125', 2, 17),
(1418, 'D2304125', 1, 18),
(1419, 'D2304125', 2, 18),
(1420, 'D2304125', 1, 19),
(1421, 'D2304125', 1, 20),
(1422, 'D2304125', 2, 20),
(1423, 'D2304125', 1, 21),
(1424, 'D2304125', 2, 21),
(1425, 'D2304125', 1, 22),
(1426, 'D2304125', 2, 22),
(1427, 'D2304125', 2, 23),
(1428, 'D2304125', 1, 24),
(1429, 'D2304125', 2, 24),
(1430, 'D2304125', 1, 25),
(1431, 'D2304125', 2, 25),
(1432, 'D2304125', 2, 26),
(1433, 'D2304125', 2, 27),
(1434, 'D2304125', 2, 28),
(1435, 'D2304127', 1, 1),
(1436, 'D2304127', 2, 1),
(1437, 'D2304127', 1, 2),
(1438, 'D2304127', 1, 2),
(1439, 'D2304127', 1, 3),
(1440, 'D2304127', 2, 3),
(1441, 'D2304127', 2, 4),
(1442, 'D2304127', 1, 5),
(1443, 'D2304127', 2, 5),
(1444, 'D2304127', 1, 6),
(1445, 'D2304127', 2, 7),
(1446, 'D2304127', 1, 8),
(1447, 'D2304127', 1, 9),
(1448, 'D2304127', 2, 9),
(1449, 'D2304127', 1, 10),
(1450, 'D2304127', 1, 11),
(1451, 'D2304127', 2, 11),
(1452, 'D2304127', 1, 12),
(1453, 'D2304127', 2, 12),
(1454, 'D2304127', 1, 13),
(1455, 'D2304127', 2, 13),
(1456, 'D2304127', 1, 14),
(1457, 'D2304127', 2, 14),
(1458, 'D2304127', 1, 15),
(1459, 'D2304127', 1, 16),
(1460, 'D2304127', 2, 16),
(1461, 'D2304127', 1, 17),
(1462, 'D2304127', 2, 17),
(1463, 'D2304127', 1, 18),
(1464, 'D2304127', 2, 18),
(1465, 'D2304127', 1, 19),
(1466, 'D2304127', 1, 20),
(1467, 'D2304127', 2, 20),
(1468, 'D2304127', 1, 21),
(1469, 'D2304127', 2, 21),
(1470, 'D2304127', 1, 22),
(1471, 'D2304127', 2, 22),
(1472, 'D2304127', 2, 23),
(1473, 'D2304127', 1, 24),
(1474, 'D2304127', 2, 24),
(1475, 'D2304127', 1, 25),
(1476, 'D2304127', 2, 25),
(1477, 'D2304127', 2, 26),
(1478, 'D2304127', 2, 27),
(1479, 'D2304127', 2, 28),
(1480, 'D2304128', 1, 2),
(1481, 'D2304128', 1, 3),
(1482, 'D2304128', 2, 3),
(1483, 'D2304128', 2, 4),
(1484, 'D2304128', 1, 6),
(1485, 'D2304128', 1, 13),
(1486, 'D2304128', 2, 13),
(1487, 'D2304128', 1, 14),
(1488, 'D2304128', 2, 14),
(1489, 'D2304129', 1, 6),
(1490, 'D2304129', 2, 7),
(1491, 'D2304129', 1, 15),
(1492, 'D2304129', 1, 16),
(1493, 'D2304129', 2, 16),
(1494, 'D2304129', 1, 17),
(1495, 'D2304129', 2, 17),
(1496, 'D2304129', 1, 22),
(1497, 'D2304129', 2, 22),
(1498, 'D2304129', 2, 23),
(1499, 'D2304129', 2, 27),
(1500, 'D2304130', 1, 1),
(1501, 'D2304130', 1, 2),
(1502, 'D2304130', 1, 3),
(1503, 'D2304130', 2, 3),
(1504, 'D2304130', 1, 8),
(1505, 'D2304130', 1, 10),
(1506, 'D2304131', 1, 1),
(1507, 'D2304132', 1, 5),
(1508, 'D2304132', 2, 5),
(1509, 'D2304133', 1, 5),
(1510, 'D2304133', 2, 5),
(1511, 'D2304134', 1, 5),
(1512, 'D2304134', 2, 5),
(1513, 'D2304134', 1, 13),
(1514, 'D2304134', 2, 13),
(1515, 'D2304135', 1, 13),
(1516, 'D2304135', 2, 13),
(1517, 'D2304136', 1, 5),
(1518, 'D2304136', 2, 5),
(1519, 'D2304136', 1, 13),
(1520, 'D2304136', 2, 13),
(1521, 'D2304137', 1, 5),
(1522, 'D2304137', 2, 5),
(1523, 'D2304137', 1, 13),
(1524, 'D2304137', 2, 13),
(1525, 'D2304138', 2, 4),
(1526, 'D2304138', 1, 11),
(1527, 'D2304138', 2, 11),
(1528, 'D2304138', 2, 28),
(1529, 'D2304144', 1, 22),
(1530, 'D2304144', 2, 22),
(1531, 'D2304145', 1, 2),
(1532, 'D2304146', 1, 5),
(1533, 'D2304146', 2, 5),
(1534, 'D2304146', 2, 7),
(1535, 'D2304146', 1, 11),
(1536, 'D2304146', 2, 11),
(1537, 'D2304146', 1, 16),
(1538, 'D2304146', 2, 16),
(1539, 'D2304146', 1, 17),
(1540, 'D2304146', 2, 17),
(1541, 'D2304147', 1, 1),
(1542, 'D2304147', 1, 2),
(1543, 'D2304147', 1, 6),
(1544, 'D2304147', 1, 8),
(1545, 'D2304147', 1, 10),
(1546, 'D2304147', 1, 15),
(1547, 'D2304148', 1, 5),
(1548, 'D2304148', 2, 5),
(1549, 'D2304148', 1, 8),
(1550, 'D2304149', 1, 5),
(1551, 'D2304149', 2, 5),
(1552, 'D2304149', 1, 6),
(1553, 'D2304150', 1, 10),
(1554, 'D2304150', 1, 13),
(1555, 'D2304150', 2, 13),
(1556, 'D2304151', 1, 8),
(1557, 'D2304151', 1, 10),
(1558, 'D2304151', 1, 15),
(1559, 'D2304151', 1, 25),
(1560, 'D2304151', 2, 25),
(1561, 'D2304152', 1, 8),
(1562, 'D2304152', 1, 10),
(1563, 'D2304152', 1, 15),
(1564, 'D2304152', 1, 19),
(1565, 'D2304152', 1, 20),
(1566, 'D2304152', 2, 20),
(1567, 'D2304152', 1, 21),
(1568, 'D2304152', 2, 21),
(1569, 'D2304152', 1, 25),
(1570, 'D2304152', 2, 25),
(1571, 'D2304153', 1, 2),
(1572, 'D2304153', 1, 3),
(1573, 'D2304153', 2, 3),
(1574, 'D2304153', 1, 10),
(1575, 'D2304153', 1, 11),
(1576, 'D2304153', 2, 11),
(1577, 'D2304154', 1, 2),
(1578, 'D2304154', 1, 3),
(1579, 'D2304154', 2, 3),
(1580, 'D2304154', 1, 19),
(1581, 'D2304154', 1, 20),
(1582, 'D2304154', 2, 20),
(1583, 'D2304154', 1, 21),
(1584, 'D2304154', 2, 21),
(1585, 'D2304155', 1, 1),
(1586, 'D2304155', 1, 2),
(1587, 'D2304155', 1, 3),
(1588, 'D2304155', 2, 3),
(1589, 'D2304155', 1, 8),
(1590, 'D2304155', 1, 10),
(1591, 'D2304157', 1, 9),
(1592, 'D2304157', 2, 9),
(1593, 'D2304157', 1, 11),
(1594, 'D2304157', 2, 11),
(1595, 'D2304157', 1, 12),
(1596, 'D2304157', 2, 12),
(1597, 'D2304157', 1, 13),
(1598, 'D2304157', 2, 13),
(1599, 'D2304157', 1, 22),
(1600, 'D2304157', 2, 22),
(1601, 'D2304158', 1, 9),
(1602, 'D2304158', 2, 9),
(1603, 'D2304158', 1, 11),
(1604, 'D2304158', 2, 11),
(1605, 'D2304158', 1, 12),
(1606, 'D2304158', 2, 12),
(1607, 'D2304158', 1, 13),
(1608, 'D2304158', 2, 13),
(1609, 'D2304158', 1, 22),
(1610, 'D2304158', 2, 22),
(1611, 'D2304159', 1, 2),
(1612, 'D2304159', 1, 3),
(1613, 'D2304159', 2, 3),
(1614, 'D2304159', 1, 5),
(1615, 'D2304159', 2, 5),
(1616, 'D2304159', 1, 6),
(1617, 'D2304159', 2, 7),
(1618, 'D2304159', 1, 8),
(1619, 'D2304159', 1, 16),
(1620, 'D2304159', 2, 16),
(1621, 'D2304159', 1, 18),
(1622, 'D2304159', 2, 18),
(1623, 'D2304159', 1, 22),
(1624, 'D2304159', 2, 22),
(1625, 'D2304160', 1, 6),
(1626, 'D2304160', 1, 11),
(1627, 'D2304160', 2, 11),
(1628, 'D2304160', 1, 25),
(1629, 'D2304160', 2, 25),
(1630, 'D2304161', 1, 1),
(1631, 'D2304161', 1, 6),
(1632, 'D2304161', 1, 11),
(1633, 'D2304161', 2, 11),
(1634, 'D2304161', 1, 13),
(1635, 'D2304161', 2, 13),
(1636, 'D2304161', 1, 14),
(1637, 'D2304161', 2, 14),
(1638, 'D2304162', 1, 10),
(1639, 'D2304162', 1, 15),
(1640, 'D2304162', 1, 16),
(1641, 'D2304162', 2, 16),
(1642, 'D2304162', 1, 22),
(1643, 'D2304162', 2, 22),
(1644, 'D2304163', 1, 11),
(1645, 'D2304163', 2, 11),
(1646, 'D2304163', 1, 19),
(1647, 'D2304163', 1, 25),
(1648, 'D2304163', 2, 25),
(1649, 'D2304165', 1, 2),
(1650, 'D2304165', 1, 3),
(1651, 'D2304165', 2, 3),
(1652, 'D2304165', 2, 4),
(1653, 'D2304165', 1, 12),
(1654, 'D2304165', 2, 12),
(1655, 'D2304165', 1, 13),
(1656, 'D2304165', 2, 13),
(1657, 'D2304165', 1, 14),
(1658, 'D2304165', 2, 14),
(1659, 'D2304165', 1, 18),
(1660, 'D2304165', 2, 18),
(1661, 'D2304166', 2, 4),
(1662, 'D2304166', 1, 11),
(1663, 'D2304166', 2, 11),
(1664, 'D2304166', 1, 12),
(1665, 'D2304166', 2, 12),
(1666, 'D2304166', 1, 13),
(1667, 'D2304166', 2, 13),
(1668, 'D2304166', 1, 14),
(1669, 'D2304166', 2, 14),
(1670, 'D2304166', 1, 17),
(1671, 'D2304166', 2, 17),
(1672, 'D2304167', 1, 12),
(1673, 'D2304167', 2, 12),
(1674, 'D2304168', 1, 11),
(1675, 'D2304168', 2, 11),
(1676, 'D2304168', 1, 12),
(1677, 'D2304168', 2, 12),
(1678, 'D2304168', 2, 27),
(1679, 'D2304169', 1, 11),
(1680, 'D2304169', 2, 11),
(1681, 'D2304169', 1, 12),
(1682, 'D2304169', 2, 12),
(1683, 'D2304169', 2, 27),
(1684, 'D2304170', 1, 6),
(1685, 'D2304170', 1, 8),
(1686, 'D2304171', 1, 2),
(1687, 'D2304171', 1, 3),
(1688, 'D2304171', 2, 3),
(1689, 'D2304171', 1, 8),
(1690, 'D2304172', 1, 8),
(1691, 'D2304172', 1, 12),
(1692, 'D2304172', 2, 12),
(1693, 'D2304172', 1, 22),
(1694, 'D2304172', 2, 22),
(1695, 'D2304174', 1, 2),
(1696, 'D2304174', 1, 10),
(1697, 'D2304174', 1, 12),
(1698, 'D2304174', 2, 12),
(1699, 'D2304174', 1, 14),
(1700, 'D2304174', 2, 14),
(1701, 'D2304175', 1, 22),
(1702, 'D2304175', 2, 22),
(1703, 'D2304175', 2, 27),
(1704, 'D2304176', 1, 8),
(1705, 'D2304176', 2, 28),
(1706, 'D2304177', 2, 7),
(1707, 'D2304177', 1, 8),
(1708, 'D2304177', 1, 10),
(1709, 'D2304177', 1, 15),
(1710, 'D2304178', 2, 7),
(1711, 'D2304178', 1, 14),
(1712, 'D2304178', 2, 14),
(1713, 'D2304178', 1, 17),
(1714, 'D2304178', 2, 17),
(1715, 'D2304179', 1, 2),
(1716, 'D2304179', 1, 11),
(1717, 'D2304179', 2, 11),
(1718, 'D2304179', 1, 14),
(1719, 'D2304179', 2, 14),
(1720, 'D2304179', 1, 17),
(1721, 'D2304179', 2, 17),
(1722, 'D2304180', 1, 1),
(1723, 'D2304180', 1, 13),
(1724, 'D2304180', 2, 13),
(1725, 'D2304180', 1, 17),
(1726, 'D2304180', 2, 17),
(1727, 'D2304180', 2, 23),
(1728, 'D2304181', 2, 4),
(1729, 'D2304181', 2, 7),
(1730, 'D2304181', 1, 18),
(1731, 'D2304181', 2, 18),
(1732, 'D2304182', 2, 4),
(1733, 'D2304182', 2, 7),
(1734, 'D2304182', 1, 11),
(1735, 'D2304182', 2, 11),
(1736, 'D2304183', 1, 1),
(1737, 'D2304184', 2, 4),
(1738, 'D2304185', 1, 1),
(1739, 'D2304185', 2, 4),
(1740, 'D2304185', 2, 7),
(1741, 'D2304185', 1, 9),
(1742, 'D2304185', 2, 9),
(1743, 'D2304185', 1, 18),
(1744, 'D2304185', 2, 18),
(1745, 'D2304186', 2, 4),
(1746, 'D2304186', 1, 5),
(1747, 'D2304186', 2, 5),
(1748, 'D2304186', 2, 7),
(1749, 'D2304186', 1, 9),
(1750, 'D2304186', 2, 9),
(1751, 'D2304186', 1, 12),
(1752, 'D2304186', 2, 12),
(1753, 'D2304186', 1, 18),
(1754, 'D2304186', 2, 18),
(1755, 'D2304186', 1, 22),
(1756, 'D2304186', 2, 22),
(1757, 'D2304188', 1, 13),
(1758, 'D2304188', 2, 13),
(1759, 'D2304191', 1, 11),
(1760, 'D2304191', 2, 11),
(1761, 'D2304192', 1, 6),
(1762, 'D2304192', 1, 8),
(1763, 'D2304193', 1, 5),
(1764, 'D2304193', 2, 5),
(1765, 'D2304193', 1, 6),
(1766, 'D2304194', 2, 4),
(1767, 'D2304194', 2, 28),
(1768, 'D2304195', 1, 13),
(1769, 'D2304195', 2, 13),
(1770, 'D2304195', 1, 16),
(1771, 'D2304195', 2, 16),
(1772, 'D2304196', 1, 8),
(1773, 'D2304197', 1, 5),
(1774, 'D2304197', 2, 5),
(1775, 'D2304198', 1, 6),
(1776, 'D2304198', 2, 7),
(1777, 'D2304199', 1, 6),
(1778, 'D2304199', 1, 15),
(1779, 'D2304200', 2, 4),
(1780, 'D2304200', 2, 28),
(1781, 'D2304201', 1, 10),
(1782, 'D2304202', 1, 10),
(1783, 'D2304203', 2, 27),
(1784, 'D2304206', 1, 10),
(1785, 'D2304207', 1, 6),
(1786, 'D2304207', 2, 7),
(1787, 'D2304207', 1, 15),
(1788, 'D2304207', 1, 16),
(1789, 'D2304207', 2, 16),
(1790, 'D2304207', 1, 17),
(1791, 'D2304207', 2, 17),
(1792, 'D2304207', 1, 22),
(1793, 'D2304207', 2, 22),
(1794, 'D2304207', 2, 23),
(1795, 'D2304207', 2, 27),
(1796, 'D2304208', 1, 8),
(1797, 'D2304208', 1, 10),
(1798, 'D2304208', 1, 15),
(1799, 'D2304208', 1, 25),
(1800, 'D2304208', 2, 25),
(1801, 'D2304209', 1, 8),
(1802, 'D2304209', 1, 10),
(1803, 'D2304209', 1, 15),
(1804, 'D2304209', 1, 19),
(1805, 'D2304209', 1, 20),
(1806, 'D2304209', 2, 20),
(1807, 'D2304209', 1, 21),
(1808, 'D2304209', 2, 21),
(1809, 'D2304209', 1, 25),
(1810, 'D2304209', 2, 25),
(1811, 'D2304210', 1, 2),
(1812, 'D2304210', 1, 3),
(1813, 'D2304210', 2, 3),
(1814, 'D2304210', 1, 10),
(1815, 'D2304210', 1, 11),
(1816, 'D2304210', 2, 11),
(1817, 'D2304211', 1, 2),
(1818, 'D2304211', 1, 3),
(1819, 'D2304211', 2, 3),
(1820, 'D2304211', 1, 19),
(1821, 'D2304211', 1, 20),
(1822, 'D2304211', 2, 20),
(1823, 'D2304211', 1, 21),
(1824, 'D2304211', 2, 21),
(1825, 'D2304212', 1, 1),
(1826, 'D2304212', 1, 2),
(1827, 'D2304212', 1, 3),
(1828, 'D2304212', 2, 3),
(1829, 'D2304212', 1, 8),
(1830, 'D2304212', 1, 10),
(1831, 'D2304213', 1, 8),
(1832, 'D2304213', 1, 11),
(1833, 'D2304213', 2, 11),
(1834, 'D2304213', 1, 25),
(1835, 'D2304213', 2, 25),
(1836, 'D2304214', 1, 1),
(1837, 'D2304214', 1, 8),
(1838, 'D2304214', 1, 11),
(1839, 'D2304214', 2, 11),
(1840, 'D2304214', 1, 13),
(1841, 'D2304214', 2, 13),
(1842, 'D2304214', 1, 14),
(1843, 'D2304214', 2, 14),
(1844, 'D2304216', 1, 2),
(1845, 'D2304216', 1, 3),
(1846, 'D2304216', 2, 3),
(1847, 'D2304216', 2, 4),
(1848, 'D2304216', 1, 12),
(1849, 'D2304216', 2, 12),
(1850, 'D2304216', 1, 13),
(1851, 'D2304216', 2, 13),
(1852, 'D2304216', 1, 14),
(1853, 'D2304216', 2, 14),
(1854, 'D2304216', 1, 18),
(1855, 'D2304216', 2, 18),
(1856, 'D2304217', 2, 4),
(1857, 'D2304217', 1, 11),
(1858, 'D2304217', 2, 11),
(1859, 'D2304217', 1, 12),
(1860, 'D2304217', 2, 12),
(1861, 'D2304217', 1, 13),
(1862, 'D2304217', 2, 13),
(1863, 'D2304217', 1, 14),
(1864, 'D2304217', 2, 14),
(1865, 'D2304217', 1, 17),
(1866, 'D2304217', 2, 17),
(1867, 'D2304218', 1, 6),
(1868, 'D2304218', 1, 8),
(1869, 'D2304219', 1, 2),
(1870, 'D2304219', 1, 3),
(1871, 'D2304219', 2, 3),
(1872, 'D2304219', 1, 8),
(1873, 'D2304221', 1, 22),
(1874, 'D2304221', 2, 22),
(1875, 'D2304221', 2, 27),
(1876, 'D2304222', 1, 6),
(1877, 'D2304222', 2, 28),
(1878, 'D2304223', 2, 7),
(1879, 'D2304223', 1, 8),
(1880, 'D2304223', 1, 10),
(1881, 'D2304223', 1, 15),
(1882, 'D2304224', 1, 2),
(1883, 'D2304224', 1, 11),
(1884, 'D2304224', 2, 11),
(1885, 'D2304224', 1, 14),
(1886, 'D2304224', 2, 14),
(1887, 'D2304224', 1, 17),
(1888, 'D2304224', 2, 17),
(1889, 'D2304225', 1, 1),
(1890, 'D2304225', 1, 13),
(1891, 'D2304225', 2, 13),
(1892, 'D2304225', 1, 17),
(1893, 'D2304225', 2, 17),
(1894, 'D2304225', 2, 23),
(1895, 'D2304226', 2, 4),
(1896, 'D2304226', 2, 7),
(1897, 'D2304226', 1, 11),
(1898, 'D2304226', 2, 11),
(1899, 'D2304227', 1, 1),
(1900, 'D2304228', 2, 4),
(1901, 'D2304229', 2, 4),
(1902, 'D2304229', 2, 7),
(1903, 'D2304229', 1, 18),
(1904, 'D2304229', 2, 18),
(1905, 'D2304230', 1, 1),
(1906, 'D2304230', 2, 4),
(1907, 'D2304230', 2, 7),
(1908, 'D2304230', 1, 9),
(1909, 'D2304230', 2, 9),
(1910, 'D2304230', 1, 18),
(1911, 'D2304230', 2, 18),
(1912, 'D2304231', 2, 4),
(1913, 'D2304231', 1, 5),
(1914, 'D2304231', 2, 5),
(1915, 'D2304231', 2, 7),
(1916, 'D2304231', 1, 9),
(1917, 'D2304231', 2, 9),
(1918, 'D2304231', 1, 12),
(1919, 'D2304231', 2, 12),
(1920, 'D2304231', 1, 18),
(1921, 'D2304231', 2, 18),
(1922, 'D2304231', 1, 22),
(1923, 'D2304231', 2, 22),
(1924, 'D2305001', 1, 11),
(1925, 'D2305001', 2, 11),
(1926, 'D2305002', 1, 13),
(1927, 'D2305002', 2, 13),
(1928, 'D2305002', 1, 15),
(1929, 'D2305002', 1, 16),
(1930, 'D2305002', 2, 16),
(1931, 'D2305003', 1, 6),
(1932, 'D2305003', 1, 8),
(1933, 'D2305003', 1, 10),
(1934, 'D2305006', 1, 5),
(1935, 'D2305006', 2, 5),
(1936, 'D2305006', 1, 10),
(1937, 'D2305006', 1, 11),
(1938, 'D2305006', 2, 11),
(1939, 'D2305007', 1, 5),
(1940, 'D2305007', 2, 5),
(1941, 'D2305007', 1, 10),
(1942, 'D2305007', 1, 11),
(1943, 'D2305007', 2, 11);

-- --------------------------------------------------------

--
-- Table structure for table `tbhasil_diagnosafaktor`
--

CREATE TABLE `tbhasil_diagnosafaktor` (
  `id_hasil` int(10) NOT NULL,
  `id_diagnosafaktor` varchar(10) NOT NULL,
  `id_penyakit` int(10) NOT NULL,
  `id_faktorlain` int(10) NOT NULL
) ENGINE=InnoDB DEFAULT CHARSET=latin1;

--
-- Dumping data for table `tbhasil_diagnosafaktor`
--

INSERT INTO `tbhasil_diagnosafaktor` (`id_hasil`, `id_diagnosafaktor`, `id_penyakit`, `id_faktorlain`) VALUES
(1, 'D2212002', 1, 1),
(2, 'D2212002', 1, 2),
(3, 'D2212002', 1, 3),
(4, 'D2212002', 1, 4),
(5, 'D2212002', 2, 4),
(6, 'D2212002', 1, 5),
(7, 'D2212002', 2, 5),
(8, 'D2212004', 1, 1),
(9, 'D2212004', 1, 2),
(10, 'D2212004', 1, 3),
(11, 'D2212005', 1, 1),
(12, 'D2212005', 1, 2),
(13, 'D2212005', 1, 3),
(14, 'D2212007', 1, 1),
(15, 'D2212007', 1, 2),
(16, 'D2212007', 1, 3),
(17, 'D2212008', 1, 1),
(18, 'D2212008', 1, 13),
(19, 'D2212008', 2, 13),
(20, 'D2212008', 1, 15),
(21, 'D2212010', 1, 21),
(22, 'D2212010', 2, 21),
(23, 'D2212010', 1, 22),
(24, 'D2212010', 2, 22),
(25, 'D2212010', 2, 22),
(26, 'D2212010', 1, 24),
(27, 'D2212010', 2, 24),
(28, 'D2212010', 1, 25),
(29, 'D2212010', 2, 25),
(30, 'D2212010', 1, 29),
(31, 'D2212010', 2, 29),
(32, 'D2212010', 1, 21),
(33, 'D2212010', 2, 21),
(34, 'D2212010', 1, 22),
(35, 'D2212010', 2, 22),
(36, 'D2212010', 2, 22),
(37, 'D2212010', 1, 24),
(38, 'D2212010', 2, 24),
(39, 'D2212010', 1, 25),
(40, 'D2212010', 2, 25),
(41, 'D2212010', 1, 29),
(42, 'D2212010', 2, 29),
(43, 'D2212010', 1, 21),
(44, 'D2212010', 2, 21),
(45, 'D2212010', 1, 22),
(46, 'D2212010', 2, 22),
(47, 'D2212010', 1, 24),
(48, 'D2212010', 2, 24),
(49, 'D2212010', 1, 25),
(50, 'D2212010', 2, 25),
(51, 'D2212010', 1, 29),
(52, 'D2212010', 2, 29),
(53, 'D2212012', 1, 11),
(54, 'D2212012', 1, 13),
(55, 'D2212012', 2, 13),
(56, 'D2212012', 1, 15),
(57, 'D2212012', 1, 16),
(58, 'D2212012', 1, 19),
(59, 'D2212012', 2, 19),
(60, 'D2212013', 1, 11),
(61, 'D2212013', 1, 13),
(62, 'D2212013', 2, 13),
(63, 'D2212013', 1, 15),
(64, 'D2212013', 1, 16),
(65, 'D2212013', 1, 19),
(66, 'D2212013', 2, 19),
(67, 'D2212014', 1, 11),
(68, 'D2212014', 1, 13),
(69, 'D2212014', 2, 13),
(70, 'D2212014', 1, 15),
(71, 'D2212014', 1, 16),
(72, 'D2212014', 1, 19),
(73, 'D2212014', 2, 19),
(74, 'D2212015', 1, 11),
(75, 'D2212015', 1, 13),
(76, 'D2212015', 2, 13),
(77, 'D2212015', 1, 15),
(78, 'D2212015', 1, 16),
(79, 'D2212015', 1, 19),
(80, 'D2212015', 2, 19),
(81, 'D2212016', 1, 11),
(82, 'D2212016', 1, 13),
(83, 'D2212016', 2, 13),
(84, 'D2212016', 1, 15),
(85, 'D2212016', 1, 16),
(86, 'D2212016', 1, 19),
(87, 'D2212016', 2, 19),
(88, 'D2212017', 1, 11),
(89, 'D2212017', 1, 13),
(90, 'D2212017', 2, 13),
(91, 'D2212017', 1, 15),
(92, 'D2212017', 1, 16),
(93, 'D2212017', 1, 19),
(94, 'D2212017', 2, 19),
(95, 'D2212018', 1, 25),
(96, 'D2212018', 2, 25),
(97, 'D2212018', 1, 26),
(98, 'D2212018', 2, 26),
(99, 'D2212018', 1, 27),
(100, 'D2212018', 2, 27),
(101, 'D2212018', 1, 28),
(102, 'D2212018', 2, 28),
(103, 'D2212018', 1, 29),
(104, 'D2212018', 2, 29),
(105, 'D2212018', 1, 30),
(106, 'D2212018', 2, 30),
(107, 'D2212018', 2, 30),
(108, 'D2212018', 2, 31),
(109, 'D2212019', 1, 1),
(110, 'D2212019', 1, 2),
(111, 'D2212019', 1, 3),
(112, 'D2212020', 1, 8),
(113, 'D2212020', 2, 8),
(114, 'D2212020', 1, 11),
(115, 'D2212020', 1, 12),
(116, 'D2212020', 2, 12),
(117, 'D2212020', 1, 21),
(118, 'D2212020', 2, 21),
(119, 'D2212020', 1, 22),
(120, 'D2212020', 2, 22),
(121, 'D2212021', 1, 2),
(122, 'D2212021', 1, 3),
(123, 'D2212021', 1, 4),
(124, 'D2212021', 2, 4),
(125, 'D2212021', 1, 2),
(126, 'D2212021', 1, 3),
(127, 'D2212021', 1, 4),
(128, 'D2212021', 2, 4),
(129, 'D2212022', 1, 1),
(130, 'D2212023', 1, 1),
(131, 'D2212023', 1, 2),
(132, 'D2212023', 1, 3),
(133, 'D2212024', 1, 5),
(134, 'D2212024', 2, 5),
(135, 'D2212025', 1, 1),
(136, 'D2212025', 1, 2),
(137, 'D2212025', 1, 3),
(138, 'D2212026', 1, 24),
(139, 'D2212026', 2, 24),
(140, 'D2212026', 1, 29),
(141, 'D2212026', 2, 29),
(142, 'D2212027', 1, 1),
(143, 'D2212027', 1, 2),
(144, 'D2212027', 1, 3),
(145, 'D2212028', 1, 1),
(146, 'D2212028', 1, 2),
(147, 'D2212028', 1, 3),
(148, 'D2212029', 1, 26),
(149, 'D2212029', 2, 26),
(150, 'D2302001', 1, 7),
(151, 'D2302001', 2, 7),
(152, 'D2304001', 1, 1),
(153, 'D2304007', 1, 1),
(154, 'D2304012', 1, 1),
(155, 'D2304012', 1, 2),
(156, 'D2304012', 1, 3),
(157, 'D2304014', 1, 29),
(158, 'D2304014', 2, 29),
(159, 'D2304015', 1, 1),
(160, 'D2304015', 1, 2),
(161, 'D2304017', 1, 25),
(162, 'D2304017', 2, 25),
(163, 'D2304017', 1, 26),
(164, 'D2304017', 2, 26),
(165, 'D2304018', 1, 1),
(166, 'D2304019', 1, 1),
(167, 'D2304019', 1, 2),
(168, 'D2304020', 1, 1),
(169, 'D2304021', 1, 1),
(170, 'D2304021', 1, 2),
(171, 'D2304022', 1, 1),
(172, 'D2304022', 1, 2),
(173, 'D2304023', 1, 4),
(174, 'D2304023', 2, 4),
(175, 'D2304023', 1, 5),
(176, 'D2304023', 2, 5),
(177, 'D2304025', 1, 23),
(178, 'D2304026', 1, 1),
(179, 'D2304030', 1, 23),
(180, 'D2304031', 1, 1),
(181, 'D2304031', 1, 2),
(182, 'D2304031', 1, 3),
(183, 'D2304031', 1, 4),
(184, 'D2304031', 2, 4),
(185, 'D2304031', 1, 5),
(186, 'D2304031', 2, 5),
(187, 'D2304031', 1, 6),
(188, 'D2304031', 2, 6),
(189, 'D2304031', 1, 7),
(190, 'D2304031', 2, 7),
(191, 'D2304031', 1, 8),
(192, 'D2304031', 2, 8),
(193, 'D2304031', 1, 9),
(194, 'D2304031', 2, 9),
(195, 'D2304031', 1, 10),
(196, 'D2304031', 1, 11),
(197, 'D2304032', 1, 4),
(198, 'D2304032', 2, 4),
(199, 'D2304032', 1, 5),
(200, 'D2304032', 2, 5),
(201, 'D2304032', 1, 7),
(202, 'D2304032', 2, 7),
(203, 'D2304032', 1, 11),
(204, 'D2304033', 1, 9),
(205, 'D2304033', 2, 9),
(206, 'D2304034', 1, 9),
(207, 'D2304034', 2, 9),
(208, 'D2304034', 1, 13),
(209, 'D2304034', 2, 13),
(210, 'D2304035', 1, 13),
(211, 'D2304035', 2, 13),
(212, 'D2304036', 1, 11),
(213, 'D2304036', 1, 13),
(214, 'D2304036', 2, 13),
(215, 'D2304038', 1, 4),
(216, 'D2304038', 2, 4),
(217, 'D2304038', 1, 12),
(218, 'D2304038', 2, 12),
(219, 'D2304038', 1, 22),
(220, 'D2304038', 2, 22),
(221, 'D2304038', 1, 25),
(222, 'D2304038', 2, 25),
(223, 'D2304039', 1, 1),
(224, 'D2304040', 1, 25),
(225, 'D2304040', 2, 25),
(226, 'D2304040', 1, 26),
(227, 'D2304040', 2, 26),
(228, 'D2304041', 1, 1),
(229, 'D2304041', 1, 2),
(230, 'D2304042', 1, 28),
(231, 'D2304042', 2, 28),
(232, 'D2304042', 2, 31),
(233, 'D2304043', 2, 31),
(234, 'D2304051', 1, 23),
(235, 'D2304052', 1, 1),
(236, 'D2304053', 1, 9),
(237, 'D2304053', 2, 9),
(238, 'D2304056', 2, 31),
(239, 'D2304058', 1, 9),
(240, 'D2304058', 2, 9),
(241, 'D2304059', 1, 9),
(242, 'D2304059', 2, 9),
(243, 'D2304060', 1, 1),
(244, 'D2304061', 1, 9),
(245, 'D2304061', 2, 9),
(246, 'D2304062', 1, 9),
(247, 'D2304062', 2, 9),
(248, 'D2304064', 1, 3),
(249, 'D2304065', 1, 9),
(250, 'D2304065', 2, 9),
(251, 'D2304066', 1, 9),
(252, 'D2304066', 2, 9),
(253, 'D2304067', 1, 2),
(254, 'D2304068', 1, 9),
(255, 'D2304068', 2, 9),
(256, 'D2304069', 1, 9),
(257, 'D2304069', 2, 9),
(258, 'D2304071', 1, 9),
(259, 'D2304071', 2, 9),
(260, 'D2304072', 1, 1),
(261, 'D2304072', 1, 6),
(262, 'D2304072', 2, 6),
(263, 'D2304072', 1, 9),
(264, 'D2304072', 2, 9),
(265, 'D2304072', 1, 10),
(266, 'D2304072', 1, 11),
(267, 'D2304073', 1, 9),
(268, 'D2304073', 2, 9),
(269, 'D2304074', 1, 9),
(270, 'D2304074', 2, 9),
(271, 'D2304075', 1, 9),
(272, 'D2304075', 2, 9),
(273, 'D2304076', 2, 31),
(274, 'D2304077', 1, 2),
(275, 'D2304078', 1, 3),
(276, 'D2304079', 1, 4),
(277, 'D2304079', 2, 4),
(278, 'D2304080', 2, 31),
(279, 'D2304081', 1, 3),
(280, 'D2304083', 1, 1),
(281, 'D2304085', 1, 22),
(282, 'D2304085', 2, 22),
(283, 'D2304086', 2, 31),
(284, 'D2304087', 2, 31),
(285, 'D2304088', 1, 9),
(286, 'D2304088', 2, 9),
(287, 'D2304089', 2, 31),
(288, 'D2304090', 2, 31),
(289, 'D2304091', 1, 9),
(290, 'D2304091', 2, 9),
(291, 'D2304091', 1, 22),
(292, 'D2304091', 2, 22),
(293, 'D2304093', 1, 9),
(294, 'D2304093', 2, 9),
(295, 'D2304094', 1, 1),
(296, 'D2304095', 1, 6),
(297, 'D2304095', 2, 6),
(298, 'D2304095', 1, 10),
(299, 'D2304095', 1, 12),
(300, 'D2304095', 2, 12),
(301, 'D2304096', 1, 7),
(302, 'D2304096', 2, 7),
(303, 'D2304096', 1, 9),
(304, 'D2304096', 2, 9),
(305, 'D2304096', 1, 25),
(306, 'D2304096', 2, 25),
(307, 'D2304097', 1, 12),
(308, 'D2304097', 2, 12),
(309, 'D2304097', 1, 13),
(310, 'D2304097', 2, 13),
(311, 'D2304097', 1, 14),
(312, 'D2304098', 1, 13),
(313, 'D2304098', 2, 13),
(314, 'D2304098', 1, 15),
(315, 'D2304098', 1, 22),
(316, 'D2304098', 2, 22),
(317, 'D2304098', 1, 25),
(318, 'D2304098', 2, 25),
(319, 'D2304099', 1, 3),
(320, 'D2304099', 1, 22),
(321, 'D2304099', 2, 22),
(322, 'D2304100', 1, 1),
(323, 'D2304100', 1, 4),
(324, 'D2304100', 2, 4),
(325, 'D2304100', 1, 13),
(326, 'D2304100', 2, 13),
(327, 'D2304100', 1, 29),
(328, 'D2304100', 2, 29),
(329, 'D2304100', 1, 30),
(330, 'D2304100', 2, 30),
(331, 'D2304100', 2, 30),
(332, 'D2304101', 1, 6),
(333, 'D2304101', 2, 6),
(334, 'D2304102', 1, 17),
(335, 'D2304102', 1, 18),
(336, 'D2304102', 1, 21),
(337, 'D2304102', 2, 21),
(338, 'D2304102', 1, 22),
(339, 'D2304102', 2, 22),
(340, 'D2304102', 1, 26),
(341, 'D2304102', 2, 26),
(342, 'D2304103', 1, 1),
(343, 'D2304103', 1, 2),
(344, 'D2304103', 1, 3),
(345, 'D2304103', 1, 4),
(346, 'D2304103', 2, 4),
(347, 'D2304103', 1, 5),
(348, 'D2304103', 2, 5),
(349, 'D2304104', 1, 17),
(350, 'D2304104', 1, 18),
(351, 'D2304104', 1, 21),
(352, 'D2304104', 2, 21),
(353, 'D2304104', 1, 22),
(354, 'D2304104', 2, 22),
(355, 'D2304104', 1, 26),
(356, 'D2304104', 2, 26),
(357, 'D2304105', 1, 17),
(358, 'D2304105', 1, 18),
(359, 'D2304105', 1, 21),
(360, 'D2304105', 2, 21),
(361, 'D2304105', 1, 22),
(362, 'D2304105', 2, 22),
(363, 'D2304105', 1, 25),
(364, 'D2304105', 2, 25),
(365, 'D2304106', 1, 6),
(366, 'D2304106', 2, 6),
(367, 'D2304106', 1, 7),
(368, 'D2304106', 2, 7),
(369, 'D2304106', 1, 8),
(370, 'D2304106', 2, 8),
(371, 'D2304107', 1, 9),
(372, 'D2304107', 2, 9),
(373, 'D2304108', 1, 1),
(374, 'D2304109', 1, 1),
(375, 'D2304110', 1, 1),
(376, 'D2304110', 1, 3),
(377, 'D2304110', 1, 7),
(378, 'D2304110', 2, 7),
(379, 'D2304110', 1, 26),
(380, 'D2304110', 2, 26),
(381, 'D2304110', 1, 29),
(382, 'D2304110', 2, 29),
(383, 'D2304111', 1, 1),
(384, 'D2304112', 1, 2),
(385, 'D2304112', 1, 6),
(386, 'D2304112', 2, 6),
(387, 'D2304112', 1, 7),
(388, 'D2304112', 2, 7),
(389, 'D2304113', 1, 9),
(390, 'D2304113', 2, 9),
(391, 'D2304114', 1, 1),
(392, 'D2304115', 1, 28),
(393, 'D2304115', 2, 28),
(394, 'D2304115', 2, 31),
(395, 'D2304116', 1, 17),
(396, 'D2304116', 1, 18),
(397, 'D2304116', 1, 21),
(398, 'D2304116', 2, 21),
(399, 'D2304116', 1, 22),
(400, 'D2304116', 2, 22),
(401, 'D2304116', 1, 26),
(402, 'D2304116', 2, 26),
(403, 'D2304123', 1, 11),
(404, 'D2304123', 1, 12),
(405, 'D2304123', 2, 12),
(406, 'D2304123', 1, 15),
(407, 'D2304123', 1, 24),
(408, 'D2304123', 2, 24),
(409, 'D2304123', 1, 25),
(410, 'D2304123', 2, 25),
(411, 'D2304124', 1, 1),
(412, 'D2304124', 1, 2),
(413, 'D2304124', 1, 3),
(414, 'D2304124', 1, 4),
(415, 'D2304124', 1, 5),
(416, 'D2304124', 2, 5),
(417, 'D2304124', 1, 6),
(418, 'D2304124', 2, 6),
(419, 'D2304124', 1, 7),
(420, 'D2304124', 2, 7),
(421, 'D2304124', 2, 8),
(422, 'D2304124', 1, 9),
(423, 'D2304124', 2, 9),
(424, 'D2304124', 1, 10),
(425, 'D2304124', 2, 10),
(426, 'D2304124', 2, 11),
(427, 'D2304124', 1, 12),
(428, 'D2304124', 2, 12),
(429, 'D2304124', 1, 13),
(430, 'D2304124', 2, 13),
(431, 'D2304124', 1, 14),
(432, 'D2304124', 1, 15),
(433, 'D2304124', 1, 16),
(434, 'D2304124', 1, 17),
(435, 'D2304124', 2, 17),
(436, 'D2304124', 1, 18),
(437, 'D2304124', 1, 19),
(438, 'D2304124', 1, 20),
(439, 'D2304124', 1, 21),
(440, 'D2304124', 2, 22),
(441, 'D2304124', 1, 23),
(442, 'D2304124', 2, 23),
(443, 'D2304124', 1, 24),
(444, 'D2304124', 2, 24),
(445, 'D2304124', 2, 25),
(446, 'D2304124', 2, 26),
(447, 'D2304124', 2, 27),
(448, 'D2304124', 2, 28),
(449, 'D2304124', 1, 29),
(450, 'D2304124', 2, 29),
(451, 'D2304124', 1, 30),
(452, 'D2304124', 1, 31),
(453, 'D2304124', 2, 31),
(454, 'D2304124', 1, 33),
(455, 'D2304124', 1, 34),
(456, 'D2304126', 1, 1),
(457, 'D2304126', 1, 2),
(458, 'D2304126', 1, 3),
(459, 'D2304126', 1, 4),
(460, 'D2304126', 1, 5),
(461, 'D2304126', 2, 5),
(462, 'D2304126', 1, 6),
(463, 'D2304126', 2, 6),
(464, 'D2304126', 1, 7),
(465, 'D2304126', 2, 7),
(466, 'D2304126', 2, 8),
(467, 'D2304126', 1, 9),
(468, 'D2304126', 2, 9),
(469, 'D2304126', 1, 10),
(470, 'D2304126', 2, 10),
(471, 'D2304126', 2, 11),
(472, 'D2304126', 1, 12),
(473, 'D2304126', 2, 12),
(474, 'D2304126', 1, 13),
(475, 'D2304126', 2, 13),
(476, 'D2304126', 1, 14),
(477, 'D2304126', 1, 15),
(478, 'D2304126', 1, 16),
(479, 'D2304126', 1, 17),
(480, 'D2304126', 2, 17),
(481, 'D2304126', 1, 18),
(482, 'D2304126', 1, 19),
(483, 'D2304126', 1, 20),
(484, 'D2304126', 1, 21),
(485, 'D2304126', 2, 22),
(486, 'D2304126', 1, 23),
(487, 'D2304126', 2, 23),
(488, 'D2304126', 1, 24),
(489, 'D2304126', 2, 24),
(490, 'D2304126', 2, 25),
(491, 'D2304126', 2, 26),
(492, 'D2304126', 2, 27),
(493, 'D2304126', 2, 28),
(494, 'D2304126', 1, 29),
(495, 'D2304126', 2, 29),
(496, 'D2304126', 1, 30),
(497, 'D2304126', 1, 31),
(498, 'D2304126', 2, 31),
(499, 'D2304126', 1, 33),
(500, 'D2304126', 1, 34),
(501, 'D2304128', 1, 5),
(502, 'D2304128', 2, 5),
(503, 'D2304128', 1, 6),
(504, 'D2304128', 2, 6),
(505, 'D2304129', 1, 1),
(506, 'D2304129', 1, 2),
(507, 'D2304129', 1, 5),
(508, 'D2304129', 2, 5),
(509, 'D2304129', 1, 7),
(510, 'D2304129', 2, 7),
(511, 'D2304130', 1, 1),
(512, 'D2304133', 1, 9),
(513, 'D2304133', 2, 9),
(514, 'D2304135', 1, 9),
(515, 'D2304135', 2, 9),
(516, 'D2304137', 1, 9),
(517, 'D2304137', 2, 9),
(518, 'D2304137', 1, 29),
(519, 'D2304137', 2, 29),
(520, 'D2304139', 1, 2),
(521, 'D2304139', 1, 3),
(522, 'D2304139', 1, 5),
(523, 'D2304139', 2, 5),
(524, 'D2304140', 1, 7),
(525, 'D2304140', 2, 7),
(526, 'D2304140', 1, 9),
(527, 'D2304140', 2, 9),
(528, 'D2304140', 1, 12),
(529, 'D2304140', 2, 12),
(530, 'D2304142', 1, 1),
(531, 'D2304142', 1, 2),
(532, 'D2304142', 1, 7),
(533, 'D2304142', 2, 7),
(534, 'D2304143', 1, 1),
(535, 'D2304143', 1, 12),
(536, 'D2304143', 2, 12),
(537, 'D2304143', 1, 15),
(538, 'D2304144', 1, 1),
(539, 'D2304144', 1, 2),
(540, 'D2304146', 1, 17),
(541, 'D2304146', 2, 17),
(542, 'D2304146', 2, 25),
(543, 'D2304146', 2, 26),
(544, 'D2304146', 1, 29),
(545, 'D2304146', 2, 29),
(546, 'D2304147', 1, 1),
(547, 'D2304147', 1, 2),
(548, 'D2304147', 1, 14),
(549, 'D2304147', 1, 34),
(550, 'D2304148', 1, 2),
(551, 'D2304149', 1, 5),
(552, 'D2304149', 2, 5),
(553, 'D2304150', 2, 8),
(554, 'D2304151', 1, 15),
(555, 'D2304151', 1, 21),
(556, 'D2304152', 1, 1),
(557, 'D2304152', 1, 3),
(558, 'D2304152', 1, 4),
(559, 'D2304152', 1, 7),
(560, 'D2304152', 2, 7),
(561, 'D2304153', 1, 10),
(562, 'D2304153', 2, 10),
(563, 'D2304153', 1, 12),
(564, 'D2304153', 2, 12),
(565, 'D2304153', 1, 17),
(566, 'D2304153', 2, 17),
(567, 'D2304154', 1, 2),
(568, 'D2304154', 1, 18),
(569, 'D2304155', 1, 1),
(570, 'D2304158', 1, 2),
(571, 'D2304158', 1, 6),
(572, 'D2304158', 2, 6),
(573, 'D2304158', 1, 9),
(574, 'D2304158', 2, 9),
(575, 'D2304159', 2, 28),
(576, 'D2304160', 2, 8),
(577, 'D2304160', 2, 11),
(578, 'D2304160', 1, 13),
(579, 'D2304160', 2, 13),
(580, 'D2304161', 2, 8),
(581, 'D2304161', 2, 25),
(582, 'D2304161', 2, 26),
(583, 'D2304162', 2, 25),
(584, 'D2304162', 2, 26),
(585, 'D2304163', 1, 14),
(586, 'D2304163', 1, 20),
(587, 'D2304164', 1, 4),
(588, 'D2304164', 1, 7),
(589, 'D2304164', 2, 7),
(590, 'D2304164', 1, 9),
(591, 'D2304164', 2, 9),
(592, 'D2304164', 2, 26),
(593, 'D2304164', 2, 27),
(594, 'D2304165', 2, 25),
(595, 'D2304165', 2, 26),
(596, 'D2304166', 1, 12),
(597, 'D2304166', 2, 12),
(598, 'D2304166', 1, 13),
(599, 'D2304166', 2, 13),
(600, 'D2304166', 2, 25),
(601, 'D2304166', 2, 26),
(602, 'D2304167', 1, 5),
(603, 'D2304167', 2, 5),
(604, 'D2304167', 1, 30),
(605, 'D2304168', 1, 5),
(606, 'D2304168', 2, 5),
(607, 'D2304168', 1, 30),
(608, 'D2304169', 1, 5),
(609, 'D2304169', 2, 5),
(610, 'D2304169', 1, 16),
(611, 'D2304169', 1, 30),
(612, 'D2304170', 1, 5),
(613, 'D2304170', 2, 5),
(614, 'D2304170', 2, 8),
(615, 'D2304170', 1, 31),
(616, 'D2304170', 2, 31),
(617, 'D2304171', 1, 1),
(618, 'D2304172', 1, 5),
(619, 'D2304172', 2, 5),
(620, 'D2304172', 1, 31),
(621, 'D2304172', 2, 31),
(622, 'D2304173', 1, 1),
(623, 'D2304174', 1, 1),
(624, 'D2304175', 1, 1),
(625, 'D2304176', 1, 1),
(626, 'D2304176', 1, 30),
(627, 'D2304177', 1, 31),
(628, 'D2304177', 2, 31),
(629, 'D2304178', 1, 1),
(630, 'D2304179', 1, 1),
(631, 'D2304179', 1, 30),
(632, 'D2304180', 2, 8),
(633, 'D2304181', 1, 5),
(634, 'D2304181', 2, 5),
(635, 'D2304181', 2, 25),
(636, 'D2304181', 2, 26),
(637, 'D2304181', 1, 31),
(638, 'D2304181', 2, 31),
(639, 'D2304182', 1, 13),
(640, 'D2304182', 2, 13),
(641, 'D2304182', 2, 25),
(642, 'D2304182', 2, 26),
(643, 'D2304182', 1, 29),
(644, 'D2304182', 2, 29),
(645, 'D2304183', 1, 10),
(646, 'D2304183', 2, 10),
(647, 'D2304183', 1, 17),
(648, 'D2304183', 2, 17),
(649, 'D2304183', 2, 25),
(650, 'D2304183', 2, 28),
(651, 'D2304183', 1, 29),
(652, 'D2304183', 2, 29),
(653, 'D2304184', 2, 25),
(654, 'D2304184', 2, 26),
(655, 'D2304184', 1, 29),
(656, 'D2304184', 2, 29),
(657, 'D2304185', 2, 25),
(658, 'D2304185', 2, 26),
(659, 'D2304185', 1, 29),
(660, 'D2304185', 2, 29),
(661, 'D2304186', 2, 11),
(662, 'D2304186', 1, 17),
(663, 'D2304186', 2, 17),
(664, 'D2304186', 2, 25),
(665, 'D2304186', 2, 26),
(666, 'D2304186', 1, 29),
(667, 'D2304186', 2, 29),
(668, 'D2304187', 1, 1),
(669, 'D2304187', 1, 12),
(670, 'D2304187', 2, 12),
(671, 'D2304187', 1, 15),
(672, 'D2304189', 1, 12),
(673, 'D2304189', 2, 12),
(674, 'D2304190', 1, 1),
(675, 'D2304190', 1, 12),
(676, 'D2304190', 2, 12),
(677, 'D2304190', 1, 15),
(678, 'D2304201', 2, 8),
(679, 'D2304202', 2, 28),
(680, 'D2304203', 2, 8),
(681, 'D2304204', 2, 8),
(682, 'D2304204', 1, 34),
(683, 'D2304205', 2, 8),
(684, 'D2304205', 1, 15),
(685, 'D2304207', 1, 1),
(686, 'D2304207', 1, 2),
(687, 'D2304207', 1, 5),
(688, 'D2304207', 2, 5),
(689, 'D2304207', 1, 7),
(690, 'D2304207', 2, 7),
(691, 'D2304208', 1, 15),
(692, 'D2304208', 1, 21),
(693, 'D2304209', 1, 1),
(694, 'D2304209', 1, 3),
(695, 'D2304209', 1, 4),
(696, 'D2304209', 1, 6),
(697, 'D2304209', 2, 6),
(698, 'D2304210', 1, 10),
(699, 'D2304210', 2, 10),
(700, 'D2304210', 1, 12),
(701, 'D2304210', 2, 12),
(702, 'D2304210', 1, 17),
(703, 'D2304210', 2, 17),
(704, 'D2304211', 1, 2),
(705, 'D2304211', 1, 18),
(706, 'D2304212', 1, 1),
(707, 'D2304213', 2, 8),
(708, 'D2304213', 2, 11),
(709, 'D2304213', 1, 13),
(710, 'D2304213', 2, 13),
(711, 'D2304214', 2, 8),
(712, 'D2304214', 2, 25),
(713, 'D2304214', 2, 26),
(714, 'D2304215', 1, 4),
(715, 'D2304215', 1, 7),
(716, 'D2304215', 2, 7),
(717, 'D2304215', 1, 9),
(718, 'D2304215', 2, 9),
(719, 'D2304215', 2, 26),
(720, 'D2304215', 2, 27),
(721, 'D2304216', 2, 25),
(722, 'D2304216', 2, 26),
(723, 'D2304217', 1, 12),
(724, 'D2304217', 2, 12),
(725, 'D2304217', 1, 13),
(726, 'D2304217', 2, 13),
(727, 'D2304217', 2, 25),
(728, 'D2304217', 2, 26),
(729, 'D2304218', 1, 5),
(730, 'D2304218', 2, 5),
(731, 'D2304218', 2, 8),
(732, 'D2304218', 1, 31),
(733, 'D2304218', 2, 31),
(734, 'D2304219', 1, 1),
(735, 'D2304220', 1, 1),
(736, 'D2304221', 1, 1),
(737, 'D2304222', 1, 1),
(738, 'D2304222', 1, 30),
(739, 'D2304223', 1, 31),
(740, 'D2304223', 2, 31),
(741, 'D2304224', 1, 1),
(742, 'D2304224', 1, 30),
(743, 'D2304225', 2, 8),
(744, 'D2304226', 1, 13),
(745, 'D2304226', 2, 13),
(746, 'D2304226', 2, 25),
(747, 'D2304226', 2, 26),
(748, 'D2304226', 1, 29),
(749, 'D2304226', 2, 29),
(750, 'D2304227', 1, 10),
(751, 'D2304227', 2, 10),
(752, 'D2304227', 1, 17),
(753, 'D2304227', 2, 17),
(754, 'D2304227', 2, 25),
(755, 'D2304227', 2, 28),
(756, 'D2304227', 1, 29),
(757, 'D2304227', 2, 29),
(758, 'D2304228', 2, 25),
(759, 'D2304228', 2, 26),
(760, 'D2304228', 1, 29),
(761, 'D2304228', 2, 29),
(762, 'D2304229', 1, 5),
(763, 'D2304229', 2, 5),
(764, 'D2304229', 2, 25),
(765, 'D2304229', 2, 26),
(766, 'D2304229', 1, 29),
(767, 'D2304229', 2, 29),
(768, 'D2304230', 2, 25),
(769, 'D2304230', 2, 26),
(770, 'D2304230', 1, 29),
(771, 'D2304230', 2, 29),
(772, 'D2304231', 2, 11),
(773, 'D2304231', 1, 17),
(774, 'D2304231', 2, 17),
(775, 'D2304231', 2, 25),
(776, 'D2304231', 2, 26),
(777, 'D2304231', 1, 29),
(778, 'D2304231', 2, 29),
(779, 'D2305006', 1, 3);

-- --------------------------------------------------------

--
-- Table structure for table `tbpengetahuan`
--

CREATE TABLE `tbpengetahuan` (
  `id_pengetahuan` int(10) NOT NULL,
  `id_penyakit` int(10) NOT NULL,
  `id_gejala` int(10) NOT NULL,
  `id_faktorlain` int(11) NOT NULL
) ENGINE=InnoDB DEFAULT CHARSET=latin1;

--
-- Dumping data for table `tbpengetahuan`
--

INSERT INTO `tbpengetahuan` (`id_pengetahuan`, `id_penyakit`, `id_gejala`, `id_faktorlain`) VALUES
(4, 1, 1, 1),
(5, 1, 2, 2),
(6, 1, 3, 3),
(7, 1, 5, 4),
(8, 1, 6, 5),
(10, 1, 8, 6),
(11, 1, 9, 7),
(12, 1, 10, 9),
(13, 1, 11, 10),
(14, 1, 12, 12),
(15, 1, 13, 13),
(16, 1, 14, 14),
(17, 1, 15, 15),
(18, 1, 16, 16),
(19, 1, 17, 17),
(20, 1, 18, 18),
(21, 1, 19, 19),
(22, 1, 20, 20),
(23, 1, 21, 21),
(33, 1, 22, 23),
(34, 1, 24, 24),
(35, 1, 25, 29),
(36, 1, 0, 30),
(37, 1, 0, 31),
(38, 1, 0, 33),
(39, 1, 0, 34),
(40, 2, 3, 5),
(41, 2, 4, 6),
(42, 2, 7, 7),
(43, 2, 9, 8),
(44, 2, 11, 9),
(45, 2, 12, 10),
(46, 2, 13, 11),
(47, 2, 14, 12),
(48, 2, 16, 13),
(49, 2, 17, 17),
(50, 2, 18, 22),
(51, 2, 20, 23),
(53, 2, 21, 24),
(54, 2, 22, 25),
(55, 2, 23, 26),
(56, 2, 24, 27),
(57, 2, 25, 28),
(58, 2, 26, 29),
(60, 2, 27, 31),
(62, 2, 28, 0),
(64, 2, 5, 0);

-- --------------------------------------------------------

--
-- Table structure for table `tbpengguna`
--

CREATE TABLE `tbpengguna` (
  `id_pengguna` int(10) NOT NULL,
  `nama` varchar(50) NOT NULL,
  `email` varchar(50) NOT NULL,
  `password` varchar(50) NOT NULL
) ENGINE=InnoDB DEFAULT CHARSET=latin1;

--
-- Dumping data for table `tbpengguna`
--

INSERT INTO `tbpengguna` (`id_pengguna`, `nama`, `email`, `password`) VALUES
(1, 'joni', 'joni@gmail.com', 'joni'),
(5, 'Andre', 'andre@gmail.com', 'andre'),
(6, 'Rio', 'rio@gmail.com', 'rio'),
(7, 'Juki', 'juki@gmail.com', 'juki'),
(9, 'Riyan', 'riyan@gmail.com', '1234'),
(10, 'dani', 'dani@gmail.com', 'dani'),
(11, 'jik', 'jik@gmail.com', 'jik'),
(12, 'test', 'test@gmail.com', 'test'),
(13, 'pasien', 'pasien@gmail.com', 'pasien');

-- --------------------------------------------------------

--
-- Table structure for table `tbpenyakit`
--

CREATE TABLE `tbpenyakit` (
  `id_penyakit` int(10) NOT NULL,
  `nama_penyakit` varchar(50) NOT NULL
) ENGINE=InnoDB DEFAULT CHARSET=latin1;

--
-- Dumping data for table `tbpenyakit`
--

INSERT INTO `tbpenyakit` (`id_penyakit`, `nama_penyakit`) VALUES
(1, 'Suspect Hepatitis'),
(2, 'Suspect Non-hepatitis');

-- --------------------------------------------------------

--
-- Table structure for table `tbsolusi`
--

CREATE TABLE `tbsolusi` (
  `id_solusi` int(10) NOT NULL,
  `nama_solusi` text NOT NULL,
  `id_penyakit` int(10) NOT NULL
) ENGINE=InnoDB DEFAULT CHARSET=latin1;

-- --------------------------------------------------------

--
-- Table structure for table `tbuser`
--

CREATE TABLE `tbuser` (
  `id_user` int(10) NOT NULL,
  `nama` varchar(50) NOT NULL,
  `username` varchar(50) NOT NULL,
  `password` varchar(50) NOT NULL,
  `gambar` varchar(100) NOT NULL,
  `level` varchar(30) NOT NULL
) ENGINE=InnoDB DEFAULT CHARSET=latin1;

--
-- Dumping data for table `tbuser`
--

INSERT INTO `tbuser` (`id_user`, `nama`, `username`, `password`, `gambar`, `level`) VALUES
(2, 'Dandi', 'admin', 'admin', 'admin.png', 'Admin');

--
-- Indexes for dumped tables
--

--
-- Indexes for table `tbdetail_diagnosa`
--
ALTER TABLE `tbdetail_diagnosa`
  ADD PRIMARY KEY (`id_detail`);

--
-- Indexes for table `tbdetail_diagnosafaktor`
--
ALTER TABLE `tbdetail_diagnosafaktor`
  ADD PRIMARY KEY (`id_detail`);

--
-- Indexes for table `tbdiagnosa`
--
ALTER TABLE `tbdiagnosa`
  ADD PRIMARY KEY (`id_diagnosa`);

--
-- Indexes for table `tbdiagnosafaktor`
--
ALTER TABLE `tbdiagnosafaktor`
  ADD PRIMARY KEY (`id_diagnosafaktor`);

--
-- Indexes for table `tbfaktorlain`
--
ALTER TABLE `tbfaktorlain`
  ADD PRIMARY KEY (`id_faktorlain`);

--
-- Indexes for table `tbgejala`
--
ALTER TABLE `tbgejala`
  ADD PRIMARY KEY (`id_gejala`);

--
-- Indexes for table `tbhasil`
--
ALTER TABLE `tbhasil`
  ADD PRIMARY KEY (`id_hasil`);

--
-- Indexes for table `tbhasil_diagnosa`
--
ALTER TABLE `tbhasil_diagnosa`
  ADD PRIMARY KEY (`id_hasil`);

--
-- Indexes for table `tbhasil_diagnosafaktor`
--
ALTER TABLE `tbhasil_diagnosafaktor`
  ADD PRIMARY KEY (`id_hasil`);

--
-- Indexes for table `tbpengetahuan`
--
ALTER TABLE `tbpengetahuan`
  ADD PRIMARY KEY (`id_pengetahuan`);

--
-- Indexes for table `tbpengguna`
--
ALTER TABLE `tbpengguna`
  ADD PRIMARY KEY (`id_pengguna`);

--
-- Indexes for table `tbpenyakit`
--
ALTER TABLE `tbpenyakit`
  ADD PRIMARY KEY (`id_penyakit`);

--
-- Indexes for table `tbsolusi`
--
ALTER TABLE `tbsolusi`
  ADD PRIMARY KEY (`id_solusi`);

--
-- Indexes for table `tbuser`
--
ALTER TABLE `tbuser`
  ADD PRIMARY KEY (`id_user`);

--
-- AUTO_INCREMENT for dumped tables
--

--
-- AUTO_INCREMENT for table `tbdetail_diagnosa`
--
ALTER TABLE `tbdetail_diagnosa`
  MODIFY `id_detail` int(10) NOT NULL AUTO_INCREMENT, AUTO_INCREMENT=1225;
--
-- AUTO_INCREMENT for table `tbdetail_diagnosafaktor`
--
ALTER TABLE `tbdetail_diagnosafaktor`
  MODIFY `id_detail` int(10) NOT NULL AUTO_INCREMENT, AUTO_INCREMENT=526;
--
-- AUTO_INCREMENT for table `tbfaktorlain`
--
ALTER TABLE `tbfaktorlain`
  MODIFY `id_faktorlain` int(11) NOT NULL AUTO_INCREMENT, AUTO_INCREMENT=35;
--
-- AUTO_INCREMENT for table `tbgejala`
--
ALTER TABLE `tbgejala`
  MODIFY `id_gejala` int(10) NOT NULL AUTO_INCREMENT, AUTO_INCREMENT=29;
--
-- AUTO_INCREMENT for table `tbhasil`
--
ALTER TABLE `tbhasil`
  MODIFY `id_hasil` int(10) NOT NULL AUTO_INCREMENT, AUTO_INCREMENT=427;
--
-- AUTO_INCREMENT for table `tbhasil_diagnosa`
--
ALTER TABLE `tbhasil_diagnosa`
  MODIFY `id_hasil` int(10) NOT NULL AUTO_INCREMENT, AUTO_INCREMENT=1944;
--
-- AUTO_INCREMENT for table `tbhasil_diagnosafaktor`
--
ALTER TABLE `tbhasil_diagnosafaktor`
  MODIFY `id_hasil` int(10) NOT NULL AUTO_INCREMENT, AUTO_INCREMENT=780;
--
-- AUTO_INCREMENT for table `tbpengetahuan`
--
ALTER TABLE `tbpengetahuan`
  MODIFY `id_pengetahuan` int(10) NOT NULL AUTO_INCREMENT, AUTO_INCREMENT=65;
--
-- AUTO_INCREMENT for table `tbpengguna`
--
ALTER TABLE `tbpengguna`
  MODIFY `id_pengguna` int(10) NOT NULL AUTO_INCREMENT, AUTO_INCREMENT=14;
--
-- AUTO_INCREMENT for table `tbpenyakit`
--
ALTER TABLE `tbpenyakit`
  MODIFY `id_penyakit` int(10) NOT NULL AUTO_INCREMENT, AUTO_INCREMENT=3;
--
-- AUTO_INCREMENT for table `tbsolusi`
--
ALTER TABLE `tbsolusi`
  MODIFY `id_solusi` int(10) NOT NULL AUTO_INCREMENT;
--
-- AUTO_INCREMENT for table `tbuser`
--
ALTER TABLE `tbuser`
  MODIFY `id_user` int(10) NOT NULL AUTO_INCREMENT, AUTO_INCREMENT=3;
/*!40101 SET CHARACTER_SET_CLIENT=@OLD_CHARACTER_SET_CLIENT */;
/*!40101 SET CHARACTER_SET_RESULTS=@OLD_CHARACTER_SET_RESULTS */;
/*!40101 SET COLLATION_CONNECTION=@OLD_COLLATION_CONNECTION */;
